,state,date,R,CI_lower,CI_upper
0,Meghalaya,4/13/20,,,
1,Meghalaya,4/15/20,,,
2,Meghalaya,4/16/20,,,
3,Meghalaya,4/18/20,,,
4,Meghalaya,4/21/20,0.689207338,0.421359008,0.957055668
5,Meghalaya,5/1/20,,,
6,Meghalaya,5/9/20,,,
7,Meghalaya,5/13/20,,,
8,Meghalaya,5/18/20,,,
9,Meghalaya,5/20/20,,,
10,Meghalaya,5/25/20,,,
11,Meghalaya,5/26/20,,,
12,Meghalaya,5/28/20,1.28946725,0.582287135,1.996647366
13,Meghalaya,5/29/20,1.684528187,0.768410986,2.600645388
14,Meghalaya,6/1/20,0.762147274,0,1.524294548
15,Meghalaya,6/2/20,0.320431965,0.017478477,0.623385453
16,Meghalaya,6/3/20,0.859441455,0.431142376,1.287740534
17,Meghalaya,6/7/20,0.785495038,0,1.570990076
18,Meghalaya,6/8/20,1.630688233,0.753343406,2.50803306
19,Meghalaya,6/9/20,1.749320016,0.826388413,2.672251619
20,Meghalaya,6/10/20,1.085099543,0.292853611,1.877345474
21,Meghalaya,6/11/20,,,
22,Meghalaya,6/12/20,,,
23,Meghalaya,6/13/20,,,
24,Meghalaya,6/14/20,,,
25,Meghalaya,6/16/20,,,
26,Meghalaya,6/17/20,,,
27,Meghalaya,6/18/20,,,
28,Manipur,4/2/20,,,
29,Manipur,4/6/20,,,
30,Manipur,5/14/20,,,
31,Manipur,5/16/20,,,
32,Manipur,5/19/20,,,
33,Manipur,5/20/20,2.561485407,1.711178622,3.411792191
34,Manipur,5/22/20,1.305800227,0.542546931,2.069053523
35,Manipur,5/23/20,0.509585374,0.326605725,0.692565023
36,Manipur,5/24/20,0,0,0
37,Manipur,5/25/20,0,0,0
38,Manipur,5/26/20,2.242453325,1.68976666,2.79513999
39,Manipur,5/27/20,2.060131768,1.786196949,2.334066587
40,Manipur,5/28/20,3.509467048,3.298467373,3.720466724
41,Manipur,5/29/20,0.956494312,0.757032921,1.155955702
42,Manipur,5/30/20,0,0,0
43,Manipur,5/31/20,0,0,0
44,Manipur,6/1/20,1.636317521,0.941250615,2.331384427
45,Manipur,6/2/20,2.647918433,1.663112973,3.632723893
46,Manipur,6/3/20,,,
47,Manipur,6/4/20,,,
48,Manipur,6/5/20,,,
49,Manipur,6/6/20,,,
50,Manipur,6/7/20,1.062419084,0.761177213,1.363660955
51,Manipur,6/8/20,3.08501039,2.933354348,3.236666431
52,Manipur,6/9/20,3.251354751,2.983125815,3.519583687
53,Manipur,6/10/20,0.823038045,0,1.646076089
54,Manipur,6/11/20,0.821898879,0.329222198,1.314575559
55,Manipur,6/12/20,,,
56,Manipur,6/13/20,,,
57,Manipur,6/14/20,,,
58,Manipur,6/15/20,,,
59,Manipur,6/16/20,,,
60,Manipur,6/17/20,,,
61,Manipur,6/18/20,,,
62,Puducherry,3/17/20,,,
63,Puducherry,4/1/20,,,
64,Puducherry,4/2/20,,,
65,Puducherry,4/10/20,,,
66,Puducherry,4/25/20,0.99401575,0.297562014,1.690469486
67,Puducherry,4/27/20,,,
68,Puducherry,5/2/20,,,
69,Puducherry,5/3/20,,,
70,Puducherry,5/8/20,,,
71,Puducherry,5/10/20,,,
72,Puducherry,5/13/20,,,
73,Puducherry,5/14/20,,,
74,Puducherry,5/16/20,1.219722458,0.240888837,2.198556078
75,Puducherry,5/19/20,1.656804109,0.95180764,2.361800578
76,Puducherry,5/20/20,1.130066646,0.999675879,1.260457413
77,Puducherry,5/22/20,1.082057668,0.906656562,1.257458775
78,Puducherry,5/24/20,2.366950604,1.381101521,3.352799686
79,Puducherry,5/25/20,1.820548557,1.631476914,2.0096202
80,Puducherry,5/28/20,2.166776763,1.230588375,3.10296515
81,Puducherry,5/29/20,,,
82,Puducherry,5/31/20,,,
83,Puducherry,6/1/20,,,
84,Puducherry,6/3/20,,,
85,Puducherry,6/4/20,0,0,0
86,Puducherry,6/5/20,,,
87,Puducherry,6/6/20,,,
88,Puducherry,6/7/20,,,
89,Puducherry,6/8/20,,,
90,Puducherry,6/9/20,0,0,0
91,Puducherry,6/10/20,0.014094561,0,0.028189123
92,Puducherry,6/11/20,0.156635207,0,0.313270413
93,Puducherry,6/12/20,,,
94,Puducherry,6/13/20,,,
95,Puducherry,6/14/20,,,
96,Puducherry,6/15/20,,,
97,Puducherry,6/16/20,1.188438826,0.922911398,1.453966253
98,Puducherry,6/17/20,2.056033384,2.02422741,2.087839359
99,Puducherry,6/18/20,2.562968915,1.586298572,3.539639257
100,Uttar Pradesh,3/4/20,,,
101,Uttar Pradesh,3/5/20,,,
102,Uttar Pradesh,3/9/20,,,
103,Uttar Pradesh,3/12/20,,,
104,Uttar Pradesh,3/13/20,,,
105,Uttar Pradesh,3/15/20,,,
106,Uttar Pradesh,3/17/20,,,
107,Uttar Pradesh,3/18/20,,,
108,Uttar Pradesh,3/19/20,,,
109,Uttar Pradesh,3/20/20,1.810930216,0.853125843,2.768734589
110,Uttar Pradesh,3/21/20,1.895879735,1.193053206,2.598706263
111,Uttar Pradesh,3/22/20,1.143841036,0.241863389,2.045818684
112,Uttar Pradesh,3/23/20,0.391802338,0,0.783604676
113,Uttar Pradesh,3/24/20,0,0,0
114,Uttar Pradesh,3/25/20,0,0,0
115,Uttar Pradesh,3/26/20,1.34657359,0.399682516,2.293464664
116,Uttar Pradesh,3/27/20,2.945910149,2.484320416,3.407499882
117,Uttar Pradesh,3/28/20,4.745543797,4.246979916,5.244107678
118,Uttar Pradesh,3/29/20,3.63905733,3.051921923,4.226192736
119,Uttar Pradesh,3/30/20,2.791759469,1.917095132,3.666423806
120,Uttar Pradesh,3/31/20,1.336263947,0.726460271,1.946067623
121,Uttar Pradesh,4/1/20,0.859126332,0.759081751,0.959170912
122,Uttar Pradesh,4/2/20,1.145432887,0.221042832,2.069822943
123,Uttar Pradesh,4/3/20,1.809814432,1.542688795,2.076940068
124,Uttar Pradesh,4/4/20,3.64674904,3.438467588,3.855030492
125,Uttar Pradesh,4/5/20,3.020944906,2.322385734,3.719504077
126,Uttar Pradesh,4/6/20,1.852455704,1.650652007,2.054259402
127,Uttar Pradesh,4/7/20,0.067941621,0,0.135883243
128,Uttar Pradesh,4/8/20,0.052034892,0,0.104069783
129,Uttar Pradesh,4/9/20,1.189880162,0.827396797,1.552363527
130,Uttar Pradesh,4/10/20,1.137649066,0.634998118,1.640300014
131,Uttar Pradesh,4/11/20,0.532701306,0.143331514,0.922071098
132,Uttar Pradesh,4/12/20,0.593000715,0.582371803,0.603629627
133,Uttar Pradesh,4/13/20,1.57491431,0.597632585,2.552196035
134,Uttar Pradesh,4/14/20,3.176003165,2.31188015,4.040126179
135,Uttar Pradesh,4/15/20,2.968541939,2.079167222,3.857916655
136,Uttar Pradesh,4/16/20,1.842678915,1.516297737,2.169060092
137,Uttar Pradesh,4/17/20,0.292548173,0,0.585096347
138,Uttar Pradesh,4/18/20,0.99117987,0.000983113,1.981376626
139,Uttar Pradesh,4/19/20,1.920053721,1.642240629,2.197866813
140,Uttar Pradesh,4/20/20,1.729292829,1.040118644,2.418467015
141,Uttar Pradesh,4/21/20,2.071222169,1.427895994,2.714548344
142,Uttar Pradesh,4/22/20,0.944253484,0,1.888506969
143,Uttar Pradesh,4/23/20,0.337786627,0,0.675573254
144,Uttar Pradesh,4/24/20,0.793448152,0.041130545,1.54576576
145,Uttar Pradesh,4/25/20,1.111501398,0.25028012,1.972722675
146,Uttar Pradesh,4/26/20,1.252788052,0.672217521,1.833358583
147,Uttar Pradesh,4/27/20,0.450414137,0.091411493,0.809416782
148,Uttar Pradesh,4/28/20,0,0,0
149,Uttar Pradesh,4/29/20,0,0,0
150,Uttar Pradesh,4/30/20,0,0,0
151,Uttar Pradesh,5/1/20,1.573701226,1.074577721,2.072824732
152,Uttar Pradesh,5/2/20,5.312549518,4.925228269,5.699870768
153,Uttar Pradesh,5/3/20,2.921659777,2.033868893,3.809450662
154,Uttar Pradesh,5/4/20,2.723572903,1.95239272,3.494753085
155,Uttar Pradesh,5/5/20,,,
156,Uttar Pradesh,5/6/20,,,
157,Uttar Pradesh,5/7/20,,,
158,Uttar Pradesh,5/8/20,,,
159,Uttar Pradesh,5/9/20,,,
160,Uttar Pradesh,5/10/20,,,
161,Uttar Pradesh,5/11/20,,,
162,Uttar Pradesh,5/12/20,,,
163,Uttar Pradesh,5/13/20,,,
164,Uttar Pradesh,5/14/20,4.428927274,4.225862263,4.631992285
165,Uttar Pradesh,5/15/20,3.481354019,2.684882253,4.277825786
166,Uttar Pradesh,5/16/20,,,
167,Uttar Pradesh,5/17/20,,,
168,Uttar Pradesh,5/18/20,,,
169,Uttar Pradesh,5/19/20,,,
170,Uttar Pradesh,5/20/20,,,
171,Uttar Pradesh,5/21/20,,,
172,Uttar Pradesh,5/22/20,0,0,0
173,Uttar Pradesh,5/23/20,0,0,0
174,Uttar Pradesh,5/24/20,1.089748705,0.854461712,1.325035699
175,Uttar Pradesh,5/25/20,0.38593527,0.071505613,0.700364928
176,Uttar Pradesh,5/26/20,0.136192491,0,0.272384983
177,Uttar Pradesh,5/27/20,0.031231553,0,0.062463106
178,Uttar Pradesh,5/28/20,,,
179,Uttar Pradesh,5/29/20,,,
180,Uttar Pradesh,5/30/20,,,
181,Uttar Pradesh,5/31/20,,,
182,Uttar Pradesh,6/1/20,2.780246575,1.941468187,3.619024962
183,Uttar Pradesh,6/2/20,3.227124807,2.941275013,3.512974601
184,Uttar Pradesh,6/3/20,2.985019546,2.9557035,3.014335592
185,Uttar Pradesh,6/4/20,0.73036768,0.100181904,1.360553456
186,Uttar Pradesh,6/5/20,2.011682445,1.470732286,2.552632604
187,Uttar Pradesh,6/6/20,1.01917789,0.973430689,1.064925091
188,Uttar Pradesh,6/7/20,1.664461507,1.18124375,2.147679264
189,Uttar Pradesh,6/8/20,1.049442782,0.373262672,1.725622893
190,Uttar Pradesh,6/9/20,0,0,0
191,Uttar Pradesh,6/10/20,,,
192,Uttar Pradesh,6/11/20,,,
193,Uttar Pradesh,6/12/20,,,
194,Uttar Pradesh,6/13/20,,,
195,Uttar Pradesh,6/14/20,0.372020583,0,0.744041166
196,Uttar Pradesh,6/15/20,0.420625219,0,0.841250437
197,Uttar Pradesh,6/16/20,0.669054712,0.402823495,0.93528593
198,Uttar Pradesh,6/17/20,1.412150112,0.992312563,1.831987662
199,Uttar Pradesh,6/18/20,1.997170921,1.062722378,2.931619463
200,Himachal Pradesh,3/14/20,,,
201,Himachal Pradesh,3/20/20,,,
202,Himachal Pradesh,3/23/20,,,
203,Himachal Pradesh,3/27/20,,,
204,Himachal Pradesh,4/2/20,,,
205,Himachal Pradesh,4/5/20,,,
206,Himachal Pradesh,4/6/20,,,
207,Himachal Pradesh,4/7/20,1.887466661,1.488835708,2.286097614
208,Himachal Pradesh,4/9/20,0.454412021,0.309611154,0.599212889
209,Himachal Pradesh,4/11/20,0.088458426,0,0.176916851
210,Himachal Pradesh,4/14/20,0.057200384,0.011384747,0.103016021
211,Himachal Pradesh,4/15/20,0.233075579,0,0.466151158
212,Himachal Pradesh,4/17/20,1.290752945,1.080774373,1.500731516
213,Himachal Pradesh,4/18/20,0.442007856,0.35330471,0.530711001
214,Himachal Pradesh,4/23/20,0.786280676,0.6354726,0.937088752
215,Himachal Pradesh,4/27/20,,,
216,Himachal Pradesh,4/30/20,,,
217,Himachal Pradesh,5/1/20,,,
218,Himachal Pradesh,5/2/20,,,
219,Himachal Pradesh,5/3/20,,,
220,Himachal Pradesh,5/4/20,,,
221,Himachal Pradesh,5/5/20,,,
222,Himachal Pradesh,5/6/20,,,
223,Himachal Pradesh,5/7/20,,,
224,Himachal Pradesh,5/8/20,,,
225,Himachal Pradesh,5/9/20,,,
226,Himachal Pradesh,5/10/20,2.242453325,1.340357807,3.144548843
227,Himachal Pradesh,5/11/20,0.104120265,0,0.208240531
228,Himachal Pradesh,5/12/20,1.693147181,0.899826979,2.486467382
229,Himachal Pradesh,5/13/20,1.143841036,0.587287586,1.700394487
230,Himachal Pradesh,5/14/20,1,0.115828355,1.884171645
231,Himachal Pradesh,5/15/20,1.549306144,1.06729739,2.031314899
232,Himachal Pradesh,5/16/20,,,
233,Himachal Pradesh,5/17/20,,,
234,Himachal Pradesh,5/18/20,,,
235,Himachal Pradesh,5/19/20,,,
236,Himachal Pradesh,5/20/20,,,
237,Himachal Pradesh,5/21/20,,,
238,Himachal Pradesh,5/22/20,,,
239,Himachal Pradesh,5/23/20,0.580835405,0,1.16167081
240,Himachal Pradesh,5/24/20,1.624705577,1.523544186,1.725866968
241,Himachal Pradesh,5/25/20,1.227087053,1.050742006,1.4034321
242,Himachal Pradesh,5/26/20,1.717542263,1.07772197,2.357362555
243,Himachal Pradesh,5/27/20,1.033404335,0.25070166,1.816107009
244,Himachal Pradesh,5/28/20,0,0,0
245,Himachal Pradesh,5/29/20,0,0,0
246,Himachal Pradesh,5/30/20,,,
247,Himachal Pradesh,5/31/20,,,
248,Himachal Pradesh,6/1/20,,,
249,Himachal Pradesh,6/2/20,,,
250,Himachal Pradesh,6/3/20,,,
251,Himachal Pradesh,6/4/20,,,
252,Himachal Pradesh,6/5/20,,,
253,Himachal Pradesh,6/6/20,,,
254,Himachal Pradesh,6/7/20,,,
255,Himachal Pradesh,6/8/20,,,
256,Himachal Pradesh,6/9/20,,,
257,Himachal Pradesh,6/10/20,,,
258,Himachal Pradesh,6/11/20,,,
259,Himachal Pradesh,6/12/20,,,
260,Himachal Pradesh,6/13/20,,,
261,Himachal Pradesh,6/14/20,,,
262,Himachal Pradesh,6/15/20,,,
263,Himachal Pradesh,6/16/20,,,
264,Himachal Pradesh,6/17/20,,,
265,Himachal Pradesh,6/18/20,,,
266,Tripura,4/6/20,,,
267,Tripura,4/10/20,,,
268,Tripura,4/30/20,,,
269,Tripura,5/2/20,,,
270,Tripura,5/3/20,1.245544934,0.295063398,2.19602647
271,Tripura,5/4/20,1.391988868,0.96211171,1.821866026
272,Tripura,5/5/20,3.926787635,3.508082372,4.345492899
273,Tripura,5/6/20,3.437916627,2.605131001,4.270702253
274,Tripura,5/7/20,1.956193729,1.162511118,2.749876339
275,Tripura,5/8/20,2.142800261,1.853683574,2.431916947
276,Tripura,5/9/20,1.534567086,0.925319571,2.143814601
277,Tripura,5/10/20,0.564738843,0.544053051,0.585424636
278,Tripura,5/12/20,0,0,0
279,Tripura,5/13/20,0,0,0
280,Tripura,5/14/20,,,
281,Tripura,5/15/20,,,
282,Tripura,5/16/20,,,
283,Tripura,5/17/20,,,
284,Tripura,5/18/20,,,
285,Tripura,5/19/20,,,
286,Tripura,5/21/20,,,
287,Tripura,5/22/20,,,
288,Tripura,5/23/20,,,
289,Tripura,5/24/20,,,
290,Tripura,5/25/20,,,
291,Tripura,5/26/20,,,
292,Tripura,5/27/20,,,
293,Tripura,5/28/20,,,
294,Tripura,5/29/20,,,
295,Tripura,5/30/20,,,
296,Tripura,5/31/20,,,
297,Tripura,6/1/20,,,
298,Tripura,6/2/20,4.538242139,3.633200075,5.443284204
299,Tripura,6/3/20,2.88964951,2.761973648,3.017325371
300,Tripura,6/4/20,0,0,0
301,Tripura,6/5/20,0,0,0
302,Tripura,6/6/20,0,0,0
303,Tripura,6/7/20,0,0,0
304,Tripura,6/8/20,1.287112086,0.288477376,2.285746797
305,Tripura,6/9/20,0.554843389,0.070987033,1.038699744
306,Tripura,6/10/20,,,
307,Tripura,6/11/20,,,
308,Tripura,6/12/20,,,
309,Tripura,6/13/20,,,
310,Tripura,6/14/20,,,
311,Tripura,6/15/20,,,
312,Tripura,6/16/20,,,
313,Tripura,6/17/20,,,
314,Tripura,6/18/20,,,
315,Sikkim,5/23/20,,,
316,Sikkim,6/3/20,,,
317,Sikkim,6/5/20,,,
318,Sikkim,6/6/20,,,
319,Sikkim,6/9/20,,,
320,Sikkim,6/12/20,,,
321,Sikkim,6/13/20,,,
322,Sikkim,6/14/20,,,
323,Sikkim,6/17/20,0,0,0
324,Sikkim,6/18/20,,,
325,Bihar,3/22/20,,,
326,Bihar,3/23/20,,,
327,Bihar,3/25/20,,,
328,Bihar,3/26/20,,,
329,Bihar,3/27/20,,,
330,Bihar,3/28/20,1.870413132,0.922514278,2.818311986
331,Bihar,3/29/20,2.183561807,1.225527247,3.141596368
332,Bihar,3/31/20,1.925205714,1.167107906,2.683303523
333,Bihar,4/1/20,1.736840137,1.553886139,1.919794135
334,Bihar,4/2/20,1.609639051,0.652278034,2.567000067
335,Bihar,4/3/20,0.446263501,0.432605148,0.459921854
336,Bihar,4/4/20,0,0,0
337,Bihar,4/7/20,1.302639775,1.284377723,1.320901828
338,Bihar,4/8/20,0.661899208,0,1.323798415
339,Bihar,4/9/20,2.391747339,1.42665955,3.356835129
340,Bihar,4/10/20,2.11101701,1.748615701,2.473418319
341,Bihar,4/11/20,0.941108482,0.135008012,1.747208952
342,Bihar,4/13/20,0.78982817,0.74834724,0.831309101
343,Bihar,4/15/20,0.45388681,0.335063496,0.572710123
344,Bihar,4/16/20,2.139456633,1.977892369,2.301020898
345,Bihar,4/17/20,1.221996532,1.019167543,1.424825521
346,Bihar,4/18/20,0.303086483,0,0.606172966
347,Bihar,4/19/20,0.311877987,0,0.623755975
348,Bihar,4/20/20,2.240037027,2.157075846,2.322998209
349,Bihar,4/21/20,4.288408849,3.703586457,4.87323124
350,Bihar,4/22/20,3.964395476,3.329978436,4.598812517
351,Bihar,4/23/20,1.993251773,1.660089706,2.32641384
352,Bihar,4/24/20,2.502522324,2.248212629,2.756832019
353,Bihar,4/25/20,2.335794437,1.563436575,3.1081523
354,Bihar,4/26/20,1.443067016,0.788879689,2.097254343
355,Bihar,4/27/20,1.582171951,0.753036751,2.411307151
356,Bihar,4/28/20,0,0,0
357,Bihar,4/29/20,0.892118458,0.848736188,0.935500729
358,Bihar,4/30/20,0,0,0
359,Bihar,5/1/20,0,0,0
360,Bihar,5/2/20,,,
361,Bihar,5/3/20,,,
362,Bihar,5/4/20,,,
363,Bihar,5/5/20,,,
364,Bihar,5/6/20,,,
365,Bihar,5/7/20,,,
366,Bihar,5/8/20,,,
367,Bihar,5/9/20,,,
368,Bihar,5/10/20,,,
369,Bihar,5/11/20,,,
370,Bihar,5/12/20,,,
371,Bihar,5/13/20,1.824733657,1.658214185,1.991253129
372,Bihar,5/14/20,0.996235724,0.203088858,1.78938259
373,Bihar,5/15/20,,,
374,Bihar,5/16/20,,,
375,Bihar,5/17/20,,,
376,Bihar,5/18/20,,,
377,Bihar,5/19/20,0.401774651,0,0.803549303
378,Bihar,5/20/20,1.390078727,0.398693431,2.381464023
379,Bihar,5/21/20,1.983700082,1.810623042,2.156777122
380,Bihar,5/22/20,3.319245806,2.614759997,4.023731614
381,Bihar,5/23/20,2.838665453,2.027984333,3.649346573
382,Bihar,5/24/20,0.851631461,0.019322627,1.683940295
383,Bihar,5/25/20,0,0,0
384,Bihar,5/26/20,0,0,0
385,Bihar,5/27/20,,,
386,Bihar,5/28/20,,,
387,Bihar,5/29/20,,,
388,Bihar,5/30/20,,,
389,Bihar,5/31/20,3.095032241,2.808169161,3.381895322
390,Bihar,6/1/20,,,
391,Bihar,6/2/20,,,
392,Bihar,6/3/20,,,
393,Bihar,6/4/20,,,
394,Bihar,6/5/20,0,0,0
395,Bihar,6/6/20,2.168571289,1.341768566,2.995374012
396,Bihar,6/7/20,4.440756257,3.85362477,5.027887744
397,Bihar,6/8/20,2.07286913,1.440465693,2.705272566
398,Bihar,6/9/20,0.336411551,0,0.672823101
399,Bihar,6/10/20,0,0,0
400,Bihar,6/11/20,0.760438268,0.590307625,0.930568911
401,Bihar,6/12/20,,,
402,Bihar,6/13/20,,,
403,Bihar,6/14/20,,,
404,Bihar,6/15/20,,,
405,Bihar,6/16/20,,,
406,Bihar,6/17/20,,,
407,Bihar,6/18/20,,,
408,Tamil Nadu,3/7/20,,,
409,Tamil Nadu,3/18/20,,,
410,Tamil Nadu,3/21/20,,,
411,Tamil Nadu,3/22/20,,,
412,Tamil Nadu,3/23/20,1.887466661,1.302132165,2.472801156
413,Tamil Nadu,3/24/20,2.191251491,1.52650424,2.855998742
414,Tamil Nadu,3/25/20,2.039720771,1.394293832,2.68514771
415,Tamil Nadu,3/26/20,1.549306144,0.83355466,2.265057629
416,Tamil Nadu,3/27/20,2.262864322,2.193630439,2.332098206
417,Tamil Nadu,3/28/20,0.562265631,0.535881783,0.58864948
418,Tamil Nadu,3/29/20,0.594534892,0.530586279,0.658483505
419,Tamil Nadu,3/30/20,2.276455689,1.300711049,3.25220033
420,Tamil Nadu,3/31/20,3.607766703,2.671532413,4.544000992
421,Tamil Nadu,4/1/20,5.93024653,5.499308769,6.361184292
422,Tamil Nadu,4/2/20,4.864827263,4.325481679,5.404172848
423,Tamil Nadu,4/3/20,2.928977892,2.784427532,3.073528252
424,Tamil Nadu,4/4/20,1.223260049,0.739177866,1.707342233
425,Tamil Nadu,4/5/20,0.74715542,0.389342661,1.10496818
426,Tamil Nadu,4/6/20,0.425840524,0,0.851681049
427,Tamil Nadu,4/7/20,0.371421843,0.252810612,0.490033074
428,Tamil Nadu,4/8/20,0.457015522,0,0.914031044
429,Tamil Nadu,4/9/20,1.131280702,0.893962571,1.368598834
430,Tamil Nadu,4/10/20,1.680284869,1.608336133,1.752233605
431,Tamil Nadu,4/11/20,1.062638711,0.811690889,1.313586534
432,Tamil Nadu,4/12/20,1.540285493,1.088324236,1.992246749
433,Tamil Nadu,4/13/20,1.180436123,0.533578998,1.827293249
434,Tamil Nadu,4/14/20,0.352444017,0,0.704888033
435,Tamil Nadu,4/15/20,0,0,0
436,Tamil Nadu,4/16/20,0,0,0
437,Tamil Nadu,4/17/20,0.332828522,0.288290016,0.377367029
438,Tamil Nadu,4/18/20,1.651715859,1.454171612,1.849260106
439,Tamil Nadu,4/19/20,2.352846427,2.050814689,2.654878165
440,Tamil Nadu,4/20/20,1.856628621,1.499449701,2.21380754
441,Tamil Nadu,4/21/20,1.240071558,0.918579704,1.561563412
442,Tamil Nadu,4/22/20,0.443073758,0.192542391,0.693605126
443,Tamil Nadu,4/23/20,0.202677419,0,0.405354839
444,Tamil Nadu,4/24/20,1.344591356,1.277629902,1.411552811
445,Tamil Nadu,4/25/20,1.249000681,0.551669529,1.946331832
446,Tamil Nadu,4/26/20,1.76271087,1.469423106,2.055998634
447,Tamil Nadu,4/27/20,,,
448,Tamil Nadu,4/28/20,,,
449,Tamil Nadu,4/29/20,,,
450,Tamil Nadu,4/30/20,,,
451,Tamil Nadu,5/1/20,3.07716407,2.529236548,3.625091592
452,Tamil Nadu,5/2/20,3.114390166,2.891377432,3.3374029
453,Tamil Nadu,5/3/20,3.717176289,3.459551311,3.974801266
454,Tamil Nadu,5/4/20,2.69305698,2.111852008,3.274261952
455,Tamil Nadu,5/5/20,2.518208444,2.059716734,2.976700155
456,Tamil Nadu,5/6/20,2.620056512,1.686519026,3.553593998
457,Tamil Nadu,5/7/20,2.078182734,1.340286133,2.816079334
458,Tamil Nadu,5/8/20,1.203471441,0.370696201,2.036246682
459,Tamil Nadu,5/9/20,0.49283347,0.14684298,0.83882396
460,Tamil Nadu,5/10/20,0.375460198,0,0.750920396
461,Tamil Nadu,5/11/20,1.239154758,0.243564552,2.234744964
462,Tamil Nadu,5/12/20,1.54732313,1.340051447,1.754594813
463,Tamil Nadu,5/13/20,1.495795706,0.951823003,2.039768409
464,Tamil Nadu,5/14/20,0.688172071,0.654388236,0.721955905
465,Tamil Nadu,5/15/20,0,0,0
466,Tamil Nadu,5/16/20,,,
467,Tamil Nadu,5/17/20,,,
468,Tamil Nadu,5/18/20,,,
469,Tamil Nadu,5/19/20,,,
470,Tamil Nadu,5/20/20,,,
471,Tamil Nadu,5/21/20,,,
472,Tamil Nadu,5/22/20,,,
473,Tamil Nadu,5/23/20,,,
474,Tamil Nadu,5/24/20,,,
475,Tamil Nadu,5/25/20,,,
476,Tamil Nadu,5/26/20,,,
477,Tamil Nadu,5/27/20,,,
478,Tamil Nadu,5/28/20,1.01125889,0.712304503,1.310213278
479,Tamil Nadu,5/29/20,0.555602368,0.485875384,0.625329353
480,Tamil Nadu,5/30/20,2.5969423,2.335776397,2.858108204
481,Tamil Nadu,5/31/20,1.353530327,0.447122557,2.259938097
482,Tamil Nadu,6/1/20,3.099642839,2.427151225,3.772134453
483,Tamil Nadu,6/2/20,3.241438622,3.032258059,3.450619186
484,Tamil Nadu,6/3/20,2.181894861,1.875063299,2.488726424
485,Tamil Nadu,6/4/20,1.830466541,1.048051205,2.612881877
486,Tamil Nadu,6/5/20,0.994164192,0.810153018,1.178175366
487,Tamil Nadu,6/6/20,1.434447377,0.628096379,2.240798375
488,Tamil Nadu,6/7/20,1.288105421,0.938258501,1.637952342
489,Tamil Nadu,6/8/20,1.339587672,0.965368314,1.713807029
490,Tamil Nadu,6/9/20,1.517544596,0.684370676,2.350718517
491,Tamil Nadu,6/10/20,0.990068733,0.263449476,1.716687989
492,Tamil Nadu,6/11/20,0.360942011,0,0.721884023
493,Tamil Nadu,6/12/20,0.250049109,0.028618242,0.471479975
494,Tamil Nadu,6/13/20,0.424389669,0.250502009,0.598277329
495,Tamil Nadu,6/14/20,1.034856256,0.93797422,1.131738291
496,Tamil Nadu,6/15/20,1.928567695,1.347470511,2.509664879
497,Tamil Nadu,6/16/20,0,0,0
498,Tamil Nadu,6/17/20,0.407577846,0.032821274,0.782334418
499,Tamil Nadu,6/18/20,1.348994188,1.258313692,1.439674685
500,Punjab,3/9/20,,,
501,Punjab,3/19/20,,,
502,Punjab,3/20/20,,,
503,Punjab,3/21/20,,,
504,Punjab,3/22/20,,,
505,Punjab,3/23/20,1.928148995,1.421265469,2.435032522
506,Punjab,3/24/20,1.987040513,1.397064139,2.577016887
507,Punjab,3/25/20,0,0,0
508,Punjab,3/26/20,0,0,0
509,Punjab,3/27/20,1.366984588,0.900981843,1.832987332
510,Punjab,3/30/20,0.852070598,0.279991185,1.424150011
511,Punjab,4/1/20,1.523500355,1.395248755,1.651751955
512,Punjab,4/2/20,0.68040692,0.335903663,1.024910177
513,Punjab,4/3/20,0.712094621,0.44360505,0.980584192
514,Punjab,4/4/20,2.034397373,1.105772947,2.9630218
515,Punjab,4/5/20,1.282656905,0.671231617,1.894082193
516,Punjab,4/6/20,2.848589128,2.056189299,3.640988958
517,Punjab,4/7/20,2.203972804,1.72041401,2.687531599
518,Punjab,4/8/20,1.699307423,1.616807873,1.781806972
519,Punjab,4/9/20,3.258914088,2.349701535,4.168126641
520,Punjab,4/10/20,1.737787943,1.309897723,2.165678163
521,Punjab,4/11/20,0.49948402,0,0.99896804
522,Punjab,4/12/20,0.92292466,0.401360631,1.44448869
523,Punjab,4/13/20,0,0,0
524,Punjab,4/14/20,0,0,0
525,Punjab,4/15/20,0,0,0
526,Punjab,4/16/20,0.363682479,0,0.727364957
527,Punjab,4/17/20,2.006524726,1.154644867,2.858404584
528,Punjab,4/18/20,3.029007749,2.353819852,3.704195645
529,Punjab,4/19/20,3.160558941,2.457583581,3.863534301
530,Punjab,4/20/20,0,0,0
531,Punjab,4/21/20,0,0,0
532,Punjab,4/22/20,0.81376906,0.574382061,1.053156059
533,Punjab,4/23/20,1.772449696,0.937987629,2.606911762
534,Punjab,4/24/20,3.616889423,3.137753257,4.096025589
535,Punjab,4/25/20,1.216932291,0.755771302,1.678093281
536,Punjab,4/26/20,0.689794054,0.347757876,1.031830232
537,Punjab,4/27/20,,,
538,Punjab,4/28/20,,,
539,Punjab,4/29/20,,,
540,Punjab,4/30/20,,,
541,Punjab,5/1/20,5.186150387,4.61861154,5.753689234
542,Punjab,5/2/20,4.571568053,4.215522344,4.927613762
543,Punjab,5/3/20,3.575226802,3.310363925,3.84008968
544,Punjab,5/4/20,1.760385543,1.475041947,2.045729139
545,Punjab,5/5/20,1.534617954,0.617581112,2.451654797
546,Punjab,5/6/20,0,0,0
547,Punjab,5/7/20,0,0,0
548,Punjab,5/8/20,0.262121419,0,0.524242838
549,Punjab,5/9/20,0,0,0
550,Punjab,5/10/20,0,0,0
551,Punjab,5/11/20,0.082716286,0.050394783,0.115037788
552,Punjab,5/12/20,0.464261898,0,0.928523796
553,Punjab,5/13/20,,,
554,Punjab,5/14/20,,,
555,Punjab,5/15/20,,,
556,Punjab,5/16/20,,,
557,Punjab,5/17/20,,,
558,Punjab,5/18/20,,,
559,Punjab,5/19/20,,,
560,Punjab,5/20/20,,,
561,Punjab,5/21/20,,,
562,Punjab,5/22/20,,,
563,Punjab,5/23/20,,,
564,Punjab,5/24/20,,,
565,Punjab,5/25/20,,,
566,Punjab,5/26/20,,,
567,Punjab,5/27/20,,,
568,Punjab,5/28/20,,,
569,Punjab,5/29/20,,,
570,Punjab,5/30/20,,,
571,Punjab,5/31/20,,,
572,Punjab,6/1/20,0.524573213,0,1.049146426
573,Punjab,6/2/20,0.878986259,0.677654172,1.080318345
574,Punjab,6/3/20,1.718842653,0.798341668,2.639343639
575,Punjab,6/4/20,1.457651295,1.25040511,1.66489748
576,Punjab,6/5/20,0.414327043,0,0.828654086
577,Punjab,6/6/20,1.226211647,0.307102811,2.145320484
578,Punjab,6/7/20,2.579227632,2.058591098,3.099864166
579,Punjab,6/8/20,2.24021741,2.168657457,2.311777363
580,Punjab,6/9/20,0.888774365,0.019827997,1.757720733
581,Punjab,6/10/20,0,0,0
582,Punjab,6/11/20,0.41373011,0.059392539,0.768067681
583,Punjab,6/12/20,2.458676433,1.46227545,3.455077417
584,Punjab,6/13/20,2.184055878,2.070656574,2.297455183
585,Punjab,6/14/20,1.474353071,1.074647259,1.874058882
586,Punjab,6/15/20,0.287672028,0,0.575344055
587,Punjab,6/16/20,1.198254398,0.84319812,1.553310676
588,Punjab,6/17/20,1.689233545,0.941355965,2.437111125
589,Punjab,6/18/20,1.757991627,1.040629566,2.475353688
590,Andhra Pradesh,3/19/20,,,
591,Andhra Pradesh,3/21/20,,,
592,Andhra Pradesh,3/22/20,,,
593,Andhra Pradesh,3/23/20,,,
594,Andhra Pradesh,3/24/20,0.812662924,0,1.625325848
595,Andhra Pradesh,3/25/20,1,0.795220863,1.204779137
596,Andhra Pradesh,3/26/20,1.34657359,0.869909715,1.823237466
597,Andhra Pradesh,3/27/20,1.693147181,1.320793473,2.065500888
598,Andhra Pradesh,3/28/20,2.791759469,2.061982096,3.521536842
599,Andhra Pradesh,3/29/20,1.202732554,1.018287823,1.387177285
600,Andhra Pradesh,3/30/20,1.34657359,0.642531038,2.050616143
601,Andhra Pradesh,3/31/20,2.802069113,1.847117717,3.757020509
602,Andhra Pradesh,4/1/20,4.920156492,4.273647352,5.566665631
603,Andhra Pradesh,4/2/20,6.38583994,5.756233775,7.015446106
604,Andhra Pradesh,4/3/20,3.311434882,2.965214938,3.657654825
605,Andhra Pradesh,4/4/20,0.546879802,0.369588168,0.724171436
606,Andhra Pradesh,4/5/20,0.751998995,0.299228002,1.204769989
607,Andhra Pradesh,4/6/20,1.987386654,1.241096423,2.733676884
608,Andhra Pradesh,4/7/20,0.989655633,0.805211022,1.174100244
609,Andhra Pradesh,4/8/20,0.34593137,0,0.69186274
610,Andhra Pradesh,4/9/20,0,0,0
611,Andhra Pradesh,4/10/20,0.113623589,0,0.227247179
612,Andhra Pradesh,4/11/20,1.462164174,1.080003855,1.844324493
613,Andhra Pradesh,4/12/20,0.416691491,0,0.833382982
614,Andhra Pradesh,4/13/20,1.145228,0.681571099,1.608884901
615,Andhra Pradesh,4/14/20,1.842968418,1.346000381,2.339936456
616,Andhra Pradesh,4/15/20,2.106566937,1.582190107,2.630943767
617,Andhra Pradesh,4/16/20,0.87374092,0.839741199,0.907740641
618,Andhra Pradesh,4/17/20,0.866685668,0.101127115,1.632244222
619,Andhra Pradesh,4/18/20,0.545846649,0,1.091693299
620,Andhra Pradesh,4/19/20,1.688998881,1.134953991,2.243043771
621,Andhra Pradesh,4/20/20,3.193565273,2.193883914,4.193246632
622,Andhra Pradesh,4/21/20,1.359512356,0.687076898,2.031947815
623,Andhra Pradesh,4/22/20,1.4769437,1.258996409,1.694890991
624,Andhra Pradesh,4/23/20,1.451768789,1.173695567,1.729842012
625,Andhra Pradesh,4/24/20,1.222985558,0.669013493,1.776957623
626,Andhra Pradesh,4/25/20,1.60641715,1.485525137,1.727309162
627,Andhra Pradesh,4/26/20,1.327708294,0.961231663,1.694184925
628,Andhra Pradesh,4/27/20,1.129457698,0.434730672,1.824184724
629,Andhra Pradesh,4/28/20,1.060332797,0.429326188,1.691339406
630,Andhra Pradesh,4/29/20,0.467766307,0,0.935532614
631,Andhra Pradesh,4/30/20,0,0,0
632,Andhra Pradesh,5/1/20,,,
633,Andhra Pradesh,5/2/20,,,
634,Andhra Pradesh,5/3/20,,,
635,Andhra Pradesh,5/4/20,,,
636,Andhra Pradesh,5/5/20,0,0,0
637,Andhra Pradesh,5/6/20,,,
638,Andhra Pradesh,5/7/20,,,
639,Andhra Pradesh,5/8/20,,,
640,Andhra Pradesh,5/9/20,,,
641,Andhra Pradesh,5/10/20,,,
642,Andhra Pradesh,5/11/20,,,
643,Andhra Pradesh,5/12/20,,,
644,Andhra Pradesh,5/13/20,,,
645,Andhra Pradesh,5/14/20,,,
646,Andhra Pradesh,5/15/20,,,
647,Andhra Pradesh,5/16/20,,,
648,Andhra Pradesh,5/17/20,,,
649,Andhra Pradesh,5/18/20,,,
650,Andhra Pradesh,5/19/20,,,
651,Andhra Pradesh,5/20/20,,,
652,Andhra Pradesh,5/21/20,,,
653,Andhra Pradesh,5/22/20,,,
654,Andhra Pradesh,5/23/20,,,
655,Andhra Pradesh,5/24/20,,,
656,Andhra Pradesh,5/25/20,,,
657,Andhra Pradesh,5/26/20,,,
658,Andhra Pradesh,5/27/20,,,
659,Andhra Pradesh,5/28/20,,,
660,Andhra Pradesh,5/29/20,,,
661,Andhra Pradesh,5/30/20,,,
662,Andhra Pradesh,5/31/20,,,
663,Andhra Pradesh,6/1/20,,,
664,Andhra Pradesh,6/2/20,1.075659778,1.061736808,1.089582749
665,Andhra Pradesh,6/3/20,1.64276699,1.062384935,2.223149044
666,Andhra Pradesh,6/4/20,1.548495874,0.720271776,2.376719973
667,Andhra Pradesh,6/5/20,1.357549345,1.049402296,1.665696395
668,Andhra Pradesh,6/6/20,1.472230804,1.43269706,1.511764549
669,Andhra Pradesh,6/7/20,1.153256989,0.668648313,1.637865664
670,Andhra Pradesh,6/8/20,2.368421945,2.307398993,2.429444898
671,Andhra Pradesh,6/9/20,2.390747527,1.972309875,2.809185179
672,Andhra Pradesh,6/10/20,2.11017121,2.021490084,2.198852335
673,Andhra Pradesh,6/11/20,0.670784628,0,1.341569256
674,Andhra Pradesh,6/12/20,0,0,0
675,Andhra Pradesh,6/13/20,0.73797574,0,1.47595148
676,Andhra Pradesh,6/14/20,1.311640092,1.028435458,1.594844726
677,Andhra Pradesh,6/15/20,2.381883082,1.593678461,3.170087703
678,Andhra Pradesh,6/16/20,2.210440843,1.261405807,3.159475878
679,Andhra Pradesh,6/17/20,0.868137869,0.801111866,0.935163871
680,Andhra Pradesh,6/18/20,2.493387878,1.721023604,3.265752152
681,Dadra and Nagar Haveli and Daman and Diu,5/5/20,,,
682,Dadra and Nagar Haveli and Daman and Diu,5/12/20,,,
683,Dadra and Nagar Haveli and Daman and Diu,5/23/20,,,
684,Dadra and Nagar Haveli and Daman and Diu,6/1/20,,,
685,Dadra and Nagar Haveli and Daman and Diu,6/3/20,,,
686,Dadra and Nagar Haveli and Daman and Diu,6/4/20,1.590709654,0.756543057,2.424876251
687,Dadra and Nagar Haveli and Daman and Diu,6/6/20,1.612138517,1.430914624,1.79336241
688,Dadra and Nagar Haveli and Daman and Diu,6/7/20,,,
689,Dadra and Nagar Haveli and Daman and Diu,6/8/20,,,
690,Dadra and Nagar Haveli and Daman and Diu,6/9/20,,,
691,Dadra and Nagar Haveli and Daman and Diu,6/10/20,,,
692,Dadra and Nagar Haveli and Daman and Diu,6/11/20,,,
693,Dadra and Nagar Haveli and Daman and Diu,6/13/20,1.617512891,1.13733271,2.097693073
694,Dadra and Nagar Haveli and Daman and Diu,6/14/20,1.657761537,1.17303503,2.142488045
695,Dadra and Nagar Haveli and Daman and Diu,6/16/20,1.90640956,1.123706252,2.689112868
696,Dadra and Nagar Haveli and Daman and Diu,6/17/20,1.7621102,1.623947685,1.900272715
697,Dadra and Nagar Haveli and Daman and Diu,6/18/20,,,
698,Telangana,3/2/20,,,
699,Telangana,3/14/20,,,
700,Telangana,3/15/20,,,
701,Telangana,3/16/20,,,
702,Telangana,3/17/20,1,0.058097975,1.941902025
703,Telangana,3/18/20,3.079441542,2.833507562,3.325375521
704,Telangana,3/19/20,3.13833306,2.342498759,3.93416736
705,Telangana,3/20/20,2.647918433,2.015024117,3.280812749
706,Telangana,3/21/20,1.202732554,0.521813758,1.883651351
707,Telangana,3/22/20,0.509585374,0,1.019170747
708,Telangana,3/23/20,2.039720771,1.05828017,3.021161371
709,Telangana,3/24/20,1.836988217,1.069375963,2.604600471
710,Telangana,3/25/20,1.490414627,1.303301308,1.677527945
711,Telangana,3/26/20,0.104120265,0,0.208240531
712,Telangana,3/27/20,1.772449696,1.147316499,2.397582892
713,Telangana,3/28/20,2.066343028,1.515537718,2.617148338
714,Telangana,3/29/20,1.058891518,0.964386987,1.153396048
715,Telangana,3/30/20,1.042578904,0.056926345,2.028231464
716,Telangana,3/31/20,1.07707534,0.514159913,1.639990767
717,Telangana,4/1/20,3.568307548,2.83842463,4.298190467
718,Telangana,4/2/20,4.001943534,3.688996263,4.314890804
719,Telangana,4/3/20,3.665471297,2.692531443,4.638411151
720,Telangana,4/4/20,2.434219941,2.050829646,2.817610235
721,Telangana,4/5/20,1.804467948,1.443187346,2.16574855
722,Telangana,4/6/20,1.010183651,0.463173964,1.557193339
723,Telangana,4/7/20,0.191389974,0,0.382779947
724,Telangana,4/8/20,0.911492717,0.793502012,1.029483422
725,Telangana,4/9/20,0.008548831,0,0.017097662
726,Telangana,4/10/20,0,0,0
727,Telangana,4/11/20,0,0,0
728,Telangana,4/12/20,0.381492694,0,0.762985389
729,Telangana,4/13/20,2.50031,2.066523066,2.934096934
730,Telangana,4/14/20,2.847797567,2.663379243,3.032215891
731,Telangana,4/15/20,0.328690351,0,0.657380702
732,Telangana,4/16/20,0.420261298,0.385410538,0.455112058
733,Telangana,4/17/20,1.059170521,0.705719475,1.412621568
734,Telangana,4/18/20,2.008904034,1.574399582,2.443408485
735,Telangana,4/19/20,3.024649384,2.838230036,3.211068732
736,Telangana,4/20/20,0,0,0
737,Telangana,4/21/20,0.274625556,0,0.549251111
738,Telangana,4/22/20,0.013615782,0,0.027231563
739,Telangana,4/23/20,0.438513004,0.434596306,0.442429701
740,Telangana,4/24/20,0.561134616,0,1.122269231
741,Telangana,4/25/20,0,0,0
742,Telangana,4/26/20,0.014881713,0,0.029763426
743,Telangana,4/27/20,,,
744,Telangana,4/28/20,,,
745,Telangana,4/29/20,,,
746,Telangana,4/30/20,,,
747,Telangana,5/1/20,,,
748,Telangana,5/2/20,,,
749,Telangana,5/3/20,,,
750,Telangana,5/4/20,,,
751,Telangana,5/5/20,,,
752,Telangana,5/6/20,,,
753,Telangana,5/7/20,,,
754,Telangana,5/8/20,,,
755,Telangana,5/9/20,,,
756,Telangana,5/10/20,,,
757,Telangana,5/11/20,,,
758,Telangana,5/12/20,3.246061696,2.928394749,3.563728642
759,Telangana,5/13/20,,,
760,Telangana,5/14/20,,,
761,Telangana,5/15/20,,,
762,Telangana,5/16/20,,,
763,Telangana,5/17/20,0.409589147,0,0.819178294
764,Telangana,5/18/20,0.681634118,0.283401297,1.079866939
765,Telangana,5/19/20,0.707181813,0.554885933,0.859477693
766,Telangana,5/20/20,0.535680796,0.411958735,0.659402858
767,Telangana,5/21/20,0.108816161,0,0.217632322
768,Telangana,5/22/20,0.984901146,0.930483048,1.039319243
769,Telangana,5/23/20,1.298675459,0.711481224,1.885869695
770,Telangana,5/24/20,0.907210864,0.061333919,1.753087809
771,Telangana,5/25/20,,,
772,Telangana,5/26/20,,,
773,Telangana,5/27/20,,,
774,Telangana,5/28/20,,,
775,Telangana,5/29/20,,,
776,Telangana,5/30/20,0.363640261,0,0.727280523
777,Telangana,5/31/20,1.584041238,0.679711532,2.488370945
778,Telangana,6/1/20,0,0,0
779,Telangana,6/2/20,0.038511114,0,0.077022228
780,Telangana,6/3/20,1.36715117,0.862442644,1.871859697
781,Telangana,6/4/20,0.969482496,0.329114632,1.60985036
782,Telangana,6/5/20,2.537733621,1.602004745,3.473462496
783,Telangana,6/6/20,1.649087414,0.965559435,2.332615393
784,Telangana,6/7/20,1.274131724,0.290297541,2.257965908
785,Telangana,6/8/20,1.030225616,0.722621582,1.33782965
786,Telangana,6/9/20,1.462877735,1.329246081,1.59650939
787,Telangana,6/10/20,1.187425033,1.045345434,1.329504632
788,Telangana,6/11/20,0,0,0
789,Telangana,6/12/20,,,
790,Telangana,6/13/20,,,
791,Telangana,6/14/20,,,
792,Telangana,6/15/20,,,
793,Telangana,6/16/20,,,
794,Telangana,6/17/20,,,
795,Telangana,6/18/20,,,
796,Chhattisgarh,3/19/20,,,
797,Chhattisgarh,3/25/20,,,
798,Chhattisgarh,3/26/20,,,
799,Chhattisgarh,3/28/20,,,
800,Chhattisgarh,3/30/20,,,
801,Chhattisgarh,3/31/20,,,
802,Chhattisgarh,4/4/20,,,
803,Chhattisgarh,4/9/20,,,
804,Chhattisgarh,4/11/20,,,
805,Chhattisgarh,4/12/20,,,
806,Chhattisgarh,4/14/20,1.536428989,0.865618772,2.207239206
807,Chhattisgarh,4/16/20,0.067287755,0,0.13457551
808,Chhattisgarh,4/25/20,0.358182454,0,0.716364908
809,Chhattisgarh,4/28/20,,,
810,Chhattisgarh,4/30/20,,,
811,Chhattisgarh,5/1/20,,,
812,Chhattisgarh,5/3/20,,,
813,Chhattisgarh,5/4/20,,,
814,Chhattisgarh,5/5/20,,,
815,Chhattisgarh,5/8/20,,,
816,Chhattisgarh,5/9/20,,,
817,Chhattisgarh,5/10/20,,,
818,Chhattisgarh,5/11/20,,,
819,Chhattisgarh,5/12/20,,,
820,Chhattisgarh,5/13/20,,,
821,Chhattisgarh,5/14/20,,,
822,Chhattisgarh,5/15/20,,,
823,Chhattisgarh,5/16/20,,,
824,Chhattisgarh,5/17/20,,,
825,Chhattisgarh,5/18/20,,,
826,Chhattisgarh,5/19/20,,,
827,Chhattisgarh,5/20/20,0.362192388,0.03769398,0.686690796
828,Chhattisgarh,5/21/20,1.426065228,0.845011087,2.007119368
829,Chhattisgarh,5/22/20,3.151789244,2.217244244,4.086334244
830,Chhattisgarh,5/23/20,3.71200909,3.634048262,3.789969919
831,Chhattisgarh,5/24/20,2.34510242,1.49022002,3.199984821
832,Chhattisgarh,5/25/20,1.802790226,1.324668472,2.28091198
833,Chhattisgarh,5/26/20,1.097915551,0.134157366,2.061673736
834,Chhattisgarh,5/27/20,0,0,0
835,Chhattisgarh,5/28/20,0,0,0
836,Chhattisgarh,5/29/20,,,
837,Chhattisgarh,5/30/20,,,
838,Chhattisgarh,5/31/20,,,
839,Chhattisgarh,6/1/20,,,
840,Chhattisgarh,6/2/20,0.020593223,0,0.041186446
841,Chhattisgarh,6/3/20,0.299100726,0,0.598201452
842,Chhattisgarh,6/4/20,1.77830258,1.534017977,2.022587184
843,Chhattisgarh,6/5/20,2.468357834,2.387633707,2.549081962
844,Chhattisgarh,6/6/20,3.502107363,2.932131853,4.072082873
845,Chhattisgarh,6/7/20,2.680894847,2.646211932,2.715577763
846,Chhattisgarh,6/8/20,0.590522369,0.350127971,0.830916766
847,Chhattisgarh,6/9/20,0,0,0
848,Chhattisgarh,6/10/20,,,
849,Chhattisgarh,6/11/20,,,
850,Chhattisgarh,6/12/20,,,
851,Chhattisgarh,6/13/20,,,
852,Chhattisgarh,6/14/20,,,
853,Chhattisgarh,6/15/20,,,
854,Chhattisgarh,6/16/20,,,
855,Chhattisgarh,6/17/20,,,
856,Chhattisgarh,6/18/20,,,
857,Uttarakhand,3/15/20,,,
858,Uttarakhand,3/19/20,,,
859,Uttarakhand,3/23/20,,,
860,Uttarakhand,3/25/20,,,
861,Uttarakhand,3/28/20,,,
862,Uttarakhand,3/29/20,,,
863,Uttarakhand,4/2/20,1.50105628,0.870977451,2.13113511
864,Uttarakhand,4/3/20,2.007385866,1.805635935,2.209135798
865,Uttarakhand,4/4/20,2.416731428,1.954102348,2.879360508
866,Uttarakhand,4/5/20,2.216916311,2.123843544,2.309989077
867,Uttarakhand,4/6/20,1.30809307,0.313471032,2.302715107
868,Uttarakhand,4/8/20,0.594572119,0,1.189144239
869,Uttarakhand,4/14/20,0.504291635,0.090386875,0.918196396
870,Uttarakhand,4/17/20,0.74186648,0.545062616,0.938670345
871,Uttarakhand,4/18/20,0.676564697,0.506109266,0.847020128
872,Uttarakhand,4/19/20,0.729643242,0.173777442,1.285509043
873,Uttarakhand,4/20/20,0.942622862,0,1.885245724
874,Uttarakhand,4/23/20,0.181970257,0,0.363940514
875,Uttarakhand,4/24/20,0.301680079,0,0.603360159
876,Uttarakhand,4/26/20,0.990173282,0.953159134,1.02718743
877,Uttarakhand,4/28/20,1.440354709,1.180329719,1.700379699
878,Uttarakhand,4/29/20,,,
879,Uttarakhand,4/30/20,,,
880,Uttarakhand,5/1/20,,,
881,Uttarakhand,5/2/20,,,
882,Uttarakhand,5/3/20,,,
883,Uttarakhand,5/5/20,,,
884,Uttarakhand,5/8/20,,,
885,Uttarakhand,5/9/20,,,
886,Uttarakhand,5/10/20,,,
887,Uttarakhand,5/12/20,,,
888,Uttarakhand,5/13/20,1,0.795580651,1.204419349
889,Uttarakhand,5/14/20,,,
890,Uttarakhand,5/15/20,,,
891,Uttarakhand,5/16/20,,,
892,Uttarakhand,5/17/20,,,
893,Uttarakhand,5/18/20,,,
894,Uttarakhand,5/19/20,,,
895,Uttarakhand,5/20/20,,,
896,Uttarakhand,5/21/20,,,
897,Uttarakhand,5/22/20,2.622271786,1.851288158,3.393255414
898,Uttarakhand,5/23/20,2.906243383,2.197546016,3.614940749
899,Uttarakhand,5/24/20,4.303525361,3.862648534,4.744402187
900,Uttarakhand,5/25/20,2.629604344,1.797889716,3.461318971
901,Uttarakhand,5/26/20,1.388966149,0.391774211,2.386158088
902,Uttarakhand,5/27/20,0,0,0
903,Uttarakhand,5/28/20,0,0,0
904,Uttarakhand,5/29/20,2.544461127,1.58100142,3.507920834
905,Uttarakhand,5/30/20,2.064115853,1.851720873,2.276510833
906,Uttarakhand,5/31/20,2.938896072,2.674456738,3.203335407
907,Uttarakhand,6/1/20,,,
908,Uttarakhand,6/2/20,,,
909,Uttarakhand,6/3/20,,,
910,Uttarakhand,6/4/20,,,
911,Uttarakhand,6/5/20,0,0,0
912,Uttarakhand,6/6/20,0,0,0
913,Uttarakhand,6/7/20,,,
914,Uttarakhand,6/8/20,,,
915,Uttarakhand,6/9/20,,,
916,Uttarakhand,6/10/20,,,
917,Uttarakhand,6/11/20,,,
918,Uttarakhand,6/12/20,,,
919,Uttarakhand,6/13/20,,,
920,Uttarakhand,6/14/20,,,
921,Uttarakhand,6/15/20,,,
922,Uttarakhand,6/16/20,,,
923,Uttarakhand,6/17/20,,,
924,Uttarakhand,6/18/20,,,
925,Maharashtra,3/10/20,,,
926,Maharashtra,3/11/20,,,
927,Maharashtra,3/12/20,,,
928,Maharashtra,3/13/20,,,
929,Maharashtra,3/14/20,2.285032229,2.222729543,2.347334915
930,Maharashtra,3/15/20,1.056664343,0.290298988,1.823029698
931,Maharashtra,3/16/20,1.895879735,1.208465363,2.583294106
932,Maharashtra,3/17/20,0.170885962,0,0.341771923
933,Maharashtra,3/18/20,0,0,0
934,Maharashtra,3/19/20,1.490414627,1.086148867,1.894680386
935,Maharashtra,3/20/20,1.164252033,0.910078675,1.418425392
936,Maharashtra,3/21/20,2.615649172,2.579790545,2.6515078
937,Maharashtra,3/22/20,2.216395324,1.702680347,2.730110302
938,Maharashtra,3/23/20,3.043093187,2.680826247,3.405360128
939,Maharashtra,3/24/20,2.056921484,1.658143744,2.455699224
940,Maharashtra,3/25/20,1.36772478,0.394165846,2.341283715
941,Maharashtra,3/26/20,0,0,0
942,Maharashtra,3/27/20,0.749186844,0.47193321,1.026440479
943,Maharashtra,3/28/20,2.638491728,2.189457961,3.087525495
944,Maharashtra,3/29/20,2.419556533,1.841871911,2.997241155
945,Maharashtra,3/30/20,3.156348843,2.870768751,3.441928934
946,Maharashtra,3/31/20,1.801971219,1.309854745,2.294087692
947,Maharashtra,4/1/20,1.758145049,1.732598773,1.783691326
948,Maharashtra,4/2/20,2.603274525,2.33126287,2.875286179
949,Maharashtra,4/3/20,1.75704754,1.07933647,2.434758609
950,Maharashtra,4/4/20,2.135149308,1.321906903,2.948391712
951,Maharashtra,4/5/20,2.470459566,2.029254816,2.911664315
952,Maharashtra,4/6/20,1.601391518,1.348453698,1.854329338
953,Maharashtra,4/7/20,1.764075767,1.642796951,1.885354583
954,Maharashtra,4/8/20,0.901722452,0,1.803444905
955,Maharashtra,4/9/20,1.667539692,0.935300386,2.399778998
956,Maharashtra,4/10/20,1.764565641,1.323457454,2.205673827
957,Maharashtra,4/11/20,1.524024861,1.3458384,1.702211321
958,Maharashtra,4/12/20,1.698864438,0.706078652,2.691650224
959,Maharashtra,4/13/20,1.572720622,0.809460737,2.335980507
960,Maharashtra,4/14/20,1.877289012,1.279040251,2.475537773
961,Maharashtra,4/15/20,1.486637159,0.652487859,2.320786459
962,Maharashtra,4/16/20,0.961113027,0.257307717,1.664918337
963,Maharashtra,4/17/20,0,0,0
964,Maharashtra,4/18/20,0.548968504,0,1.097937009
965,Maharashtra,4/19/20,2.090526756,1.960904853,2.220148659
966,Maharashtra,4/20/20,3.123444146,2.264092048,3.982796245
967,Maharashtra,4/21/20,4.189227553,3.980229677,4.398225429
968,Maharashtra,4/22/20,1.761273273,1.102332472,2.420214074
969,Maharashtra,4/23/20,1.839520984,0.842045762,2.836996206
970,Maharashtra,4/24/20,1.345743375,0.366153896,2.325332855
971,Maharashtra,4/25/20,1.853844259,1.245446954,2.462241564
972,Maharashtra,4/26/20,2.059429509,1.434309347,2.684549671
973,Maharashtra,4/27/20,0,0,0
974,Maharashtra,4/28/20,0,0,0
975,Maharashtra,4/29/20,0,0,0
976,Maharashtra,4/30/20,0,0,0
977,Maharashtra,5/1/20,1.555291227,1.237650734,1.87293172
978,Maharashtra,5/2/20,1.513285434,1.06057469,1.965996178
979,Maharashtra,5/3/20,1.658470769,0.789624578,2.52731696
980,Maharashtra,5/4/20,1.92317053,1.479893047,2.366448014
981,Maharashtra,5/5/20,0.975074975,0.184307477,1.765842473
982,Maharashtra,5/6/20,1.449418798,0.507226897,2.391610698
983,Maharashtra,5/7/20,1.45212535,0.987924206,1.916326494
984,Maharashtra,5/8/20,0.898149666,0.47715859,1.319140743
985,Maharashtra,5/9/20,1.214495698,1.020139204,1.408852192
986,Maharashtra,5/10/20,0,0,0
987,Maharashtra,5/11/20,0,0,0
988,Maharashtra,5/12/20,0.516302942,0.291883486,0.740722398
989,Maharashtra,5/13/20,2.732954914,2.245313854,3.220595974
990,Maharashtra,5/14/20,4.71148845,4.197105558,5.225871342
991,Maharashtra,5/15/20,1.839560531,1.175672055,2.503449007
992,Maharashtra,5/16/20,,,
993,Maharashtra,5/17/20,,,
994,Maharashtra,5/18/20,,,
995,Maharashtra,5/19/20,,,
996,Maharashtra,5/20/20,1.102347627,0.175888769,2.028806485
997,Maharashtra,5/21/20,0.424039558,0.202170938,0.645908178
998,Maharashtra,5/22/20,0,0,0
999,Maharashtra,5/23/20,0,0,0
1000,Maharashtra,5/24/20,1.573099037,1.398690578,1.747507495
1001,Maharashtra,5/25/20,2.192127237,1.328936393,3.055318081
1002,Maharashtra,5/26/20,1.806793426,1.038721192,2.574865659
1003,Maharashtra,5/27/20,0.181985974,0.177464855,0.186507093
1004,Maharashtra,5/28/20,0.98568115,0.109348582,1.862013718
1005,Maharashtra,5/29/20,,,
1006,Maharashtra,5/30/20,,,
1007,Maharashtra,5/31/20,,,
1008,Maharashtra,6/1/20,,,
1009,Maharashtra,6/2/20,0.227634599,0,0.455269198
1010,Maharashtra,6/3/20,0.711610156,0,1.423220313
1011,Maharashtra,6/4/20,1.214595621,0.404489345,2.024701897
1012,Maharashtra,6/5/20,0.612892255,0,1.22578451
1013,Maharashtra,6/6/20,0,0,0
1014,Maharashtra,6/7/20,0,0,0
1015,Maharashtra,6/8/20,1.565896351,0.640106469,2.491686232
1016,Maharashtra,6/9/20,1.354868259,1.017740079,1.691996438
1017,Maharashtra,6/10/20,1.814295073,0.860021052,2.768569093
1018,Maharashtra,6/11/20,1.321680795,0.793844875,1.849516715
1019,Maharashtra,6/12/20,1.337502518,0.61498895,2.060016086
1020,Maharashtra,6/13/20,2.446370785,1.785170424,3.107571146
1021,Maharashtra,6/14/20,1.245375233,0.740383454,1.750367012
1022,Maharashtra,6/15/20,,,
1023,Maharashtra,6/16/20,,,
1024,Maharashtra,6/17/20,,,
1025,Maharashtra,6/18/20,,,
1026,West Bengal,3/17/20,,,
1027,West Bengal,3/20/20,,,
1028,West Bengal,3/21/20,,,
1029,West Bengal,3/22/20,,,
1030,West Bengal,3/23/20,,,
1031,West Bengal,3/24/20,,,
1032,West Bengal,3/26/20,,,
1033,West Bengal,3/27/20,,,
1034,West Bengal,3/28/20,0.798569873,0.363805704,1.233334043
1035,West Bengal,3/29/20,1.2696022,0.899286603,1.639917797
1036,West Bengal,3/30/20,0.744587188,0.716865584,0.772308793
1037,West Bengal,3/31/20,1.955511445,1.62249498,2.28852791
1038,West Bengal,4/2/20,3.870565257,3.29296599,4.448164525
1039,West Bengal,4/5/20,2.954796657,2.835516565,3.07407675
1040,West Bengal,4/7/20,2.120390057,1.998472525,2.242307589
1041,West Bengal,4/8/20,0.751994389,0.550952421,0.953036356
1042,West Bengal,4/9/20,0.016730249,0,0.033460497
1043,West Bengal,4/10/20,0,0,0
1044,West Bengal,4/11/20,1.147443728,0.705466753,1.589420704
1045,West Bengal,4/12/20,1.458145366,1.096126108,1.820164624
1046,West Bengal,4/13/20,2.261323489,1.617067706,2.905579272
1047,West Bengal,4/14/20,2.366530135,2.066758214,2.666302055
1048,West Bengal,4/15/20,2.611981432,1.805500636,3.418462228
1049,West Bengal,4/16/20,1.933491445,1.388778501,2.47820439
1050,West Bengal,4/17/20,0.914074872,0.643921914,1.184227829
1051,West Bengal,4/18/20,0.84942955,0,1.698859101
1052,West Bengal,4/19/20,1.287682072,0.43245718,2.142906965
1053,West Bengal,4/20/20,1.455644265,1.121648095,1.789640435
1054,West Bengal,4/21/20,1.743018047,0.837763612,2.648272482
1055,West Bengal,4/22/20,1.38565015,0.472583696,2.298716605
1056,West Bengal,4/23/20,1.394359033,0.644593051,2.144125014
1057,West Bengal,4/24/20,1.456255005,0.642665009,2.269845
1058,West Bengal,4/25/20,1.385987257,1.341813807,1.430160707
1059,West Bengal,4/26/20,1.528164103,1.243327996,1.81300021
1060,West Bengal,4/27/20,0.95529682,0.64304971,1.26754393
1061,West Bengal,4/28/20,0.474494054,0.251751624,0.697236483
1062,West Bengal,4/29/20,0,0,0
1063,West Bengal,4/30/20,0,0,0
1064,West Bengal,5/1/20,0,0,0
1065,West Bengal,5/2/20,1.818804395,1.525422349,2.11218644
1066,West Bengal,5/3/20,6.071993147,5.147195192,6.996791102
1067,West Bengal,5/4/20,,,
1068,West Bengal,5/5/20,,,
1069,West Bengal,5/6/20,,,
1070,West Bengal,5/7/20,,,
1071,West Bengal,5/8/20,2.097741372,1.914074107,2.281408636
1072,West Bengal,5/9/20,1.222915046,0.278491196,2.167338897
1073,West Bengal,5/10/20,0.81157443,0,1.62314886
1074,West Bengal,5/11/20,0.621933866,0.110323172,1.13354456
1075,West Bengal,5/12/20,,,
1076,West Bengal,5/13/20,,,
1077,West Bengal,5/14/20,,,
1078,West Bengal,5/15/20,,,
1079,West Bengal,5/16/20,2.374436098,1.926156479,2.822715717
1080,West Bengal,5/17/20,2.062689318,1.731032663,2.394345974
1081,West Bengal,5/18/20,3.38302641,2.906419252,3.859633569
1082,West Bengal,5/19/20,2.95702822,2.029761761,3.884294679
1083,West Bengal,5/20/20,1.94260804,1.293295547,2.591920534
1084,West Bengal,5/21/20,0.99151131,0.777811535,1.205211084
1085,West Bengal,5/22/20,0.696198564,0.488232058,0.904165071
1086,West Bengal,5/23/20,1.135657547,0.653728537,1.617586558
1087,West Bengal,5/24/20,2.001200926,1.646843781,2.35555807
1088,West Bengal,5/25/20,1.973176536,1.013440561,2.932912511
1089,West Bengal,5/26/20,1.176656164,0.222445833,2.130866495
1090,West Bengal,5/27/20,1.157284684,0.938886107,1.37568326
1091,West Bengal,5/28/20,1.751140935,1.419420108,2.082861763
1092,West Bengal,5/29/20,2.318400936,1.387375597,3.249426274
1093,West Bengal,5/30/20,1.328796734,1.029393731,1.628199737
1094,West Bengal,5/31/20,1.303155916,0.700115402,1.90619643
1095,West Bengal,6/1/20,0.132658275,0,0.265316549
1096,West Bengal,6/2/20,1.54379003,1.407008739,1.680571321
1097,West Bengal,6/3/20,1.565953225,1.43693349,1.694972959
1098,West Bengal,6/4/20,1.134802125,0.657558519,1.612045732
1099,West Bengal,6/5/20,1.616549301,1.049818396,2.183280206
1100,West Bengal,6/6/20,1.012478784,0.865549609,1.15940796
1101,West Bengal,6/7/20,1.580891919,0.761726853,2.400056985
1102,West Bengal,6/8/20,1.367278619,0.854920359,1.879636879
1103,West Bengal,6/9/20,0.803012635,0.306664321,1.299360949
1104,West Bengal,6/10/20,0.630566936,0,1.261133871
1105,West Bengal,6/11/20,0.71852156,0.588574206,0.848468915
1106,West Bengal,6/12/20,1.039622712,0.79945606,1.279789363
1107,West Bengal,6/13/20,0.530449843,0.499928417,0.560971269
1108,West Bengal,6/14/20,,,
1109,West Bengal,6/15/20,,,
1110,West Bengal,6/16/20,,,
1111,West Bengal,6/17/20,,,
1112,West Bengal,6/18/20,,,
1113,Kerala,2/14/20,,,
1114,Kerala,3/10/20,,,
1115,Kerala,3/13/20,,,
1116,Kerala,3/16/20,,,
1117,Kerala,3/19/20,,,
1118,Kerala,3/20/20,,,
1119,Kerala,3/21/20,2.485315387,2.223436989,2.747193785
1120,Kerala,3/22/20,2.746118722,2.634973512,2.857263932
1121,Kerala,3/23/20,4.420807738,3.579519331,5.262096146
1122,Kerala,3/24/20,1.867759875,1.705877415,2.029642335
1123,Kerala,3/25/20,0.916472958,0.403962701,1.428983215
1124,Kerala,3/26/20,0,0,0
1125,Kerala,3/27/20,1.246238243,0.980711251,1.511765234
1126,Kerala,3/28/20,,,
1127,Kerala,3/29/20,,,
1128,Kerala,3/30/20,,,
1129,Kerala,3/31/20,,,
1130,Kerala,4/1/20,0.981816178,0.374314726,1.589317629
1131,Kerala,4/2/20,1.787922098,0.833839637,2.742004559
1132,Kerala,4/3/20,,,
1133,Kerala,4/4/20,,,
1134,Kerala,4/5/20,,,
1135,Kerala,4/6/20,,,
1136,Kerala,4/7/20,1.862809833,1.066325742,2.659293925
1137,Kerala,4/8/20,1.385054111,0.454040807,2.316067415
1138,Kerala,4/9/20,1.712017345,0.997729238,2.426305451
1139,Kerala,4/10/20,0.727534382,0,1.455068764
1140,Kerala,4/11/20,1.482540448,0.554648576,2.41043232
1141,Kerala,4/12/20,0,0,0
1142,Kerala,4/13/20,0,0,0
1143,Kerala,4/14/20,0.584225248,0,1.168450497
1144,Kerala,4/15/20,0,0,0
1145,Kerala,4/16/20,1.703456824,1.614105619,1.792808029
1146,Kerala,4/17/20,0,0,0
1147,Kerala,4/18/20,0.306852819,0,0.613705639
1148,Kerala,4/19/20,1.413339287,0.433830157,2.392848416
1149,Kerala,4/20/20,1.19242291,1.088989049,1.295856772
1150,Kerala,4/21/20,4.147171533,3.984681486,4.30966158
1151,Kerala,4/22/20,3.137246811,2.645260842,3.62923278
1152,Kerala,4/23/20,2.912505814,2.412385468,3.412626161
1153,Kerala,4/24/20,0,0,0
1154,Kerala,4/25/20,0,0,0
1155,Kerala,4/26/20,0.821662528,0.707625387,0.935699669
1156,Kerala,4/27/20,,,
1157,Kerala,4/28/20,,,
1158,Kerala,4/29/20,,,
1159,Kerala,4/30/20,,,
1160,Kerala,5/1/20,,,
1161,Kerala,5/2/20,,,
1162,Kerala,5/3/20,,,
1163,Kerala,5/4/20,,,
1164,Kerala,5/5/20,,,
1165,Kerala,5/6/20,,,
1166,Kerala,5/7/20,,,
1167,Kerala,5/8/20,,,
1168,Kerala,5/9/20,,,
1169,Kerala,5/10/20,,,
1170,Kerala,5/11/20,,,
1171,Kerala,5/12/20,3.288499655,3.125940433,3.451058876
1172,Kerala,5/13/20,2.903331245,2.351139003,3.455523487
1173,Kerala,5/14/20,2.063926853,1.736160741,2.391692964
1174,Kerala,5/15/20,2.589706725,2.009315531,3.170097919
1175,Kerala,5/16/20,1.624154309,1.440356625,1.807951993
1176,Kerala,5/17/20,0.847040719,0.310776497,1.383304941
1177,Kerala,5/18/20,1.165035918,0.992434301,1.337637535
1178,Kerala,5/19/20,1.423010768,1.317550654,1.528470882
1179,Kerala,5/20/20,1.92145349,0.922568607,2.920338374
1180,Kerala,5/21/20,0.922102967,0.457288521,1.386917414
1181,Kerala,5/22/20,1.440106852,0.666979861,2.213233844
1182,Kerala,5/23/20,3.449365662,3.077687934,3.821043391
1183,Kerala,5/24/20,3.219302026,2.454946414,3.983657638
1184,Kerala,5/25/20,2.137888306,2.024296348,2.251480264
1185,Kerala,5/26/20,0.879893512,0.304527618,1.455259405
1186,Kerala,5/27/20,0,0,0
1187,Kerala,5/28/20,1.359847676,1.203843033,1.515852319
1188,Kerala,5/29/20,1.671925784,0.845451933,2.498399635
1189,Kerala,5/30/20,1.090110037,0.278785484,1.901434589
1190,Kerala,5/31/20,0.988823906,0.19252475,1.785123063
1191,Kerala,6/1/20,0,0,0
1192,Kerala,6/2/20,1.151548388,0.450754296,1.85234248
1193,Kerala,6/3/20,1.390802082,1.303186715,1.478417448
1194,Kerala,6/4/20,2.470383364,1.993190224,2.947576504
1195,Kerala,6/5/20,2.760144527,2.384243555,3.136045499
1196,Kerala,6/6/20,1.297554966,0.384958676,2.210151255
1197,Kerala,6/7/20,0.606939198,0,1.213878396
1198,Kerala,6/8/20,0,0,0
1199,Kerala,6/9/20,0.25748967,0,0.51497934
1200,Kerala,6/10/20,0,0,0
1201,Kerala,6/11/20,0,0,0
1202,Kerala,6/12/20,0.038718283,0,0.077436566
1203,Kerala,6/13/20,1.303948516,0.668145364,1.939751668
1204,Kerala,6/14/20,,,
1205,Kerala,6/15/20,,,
1206,Kerala,6/16/20,,,
1207,Kerala,6/17/20,,,
1208,Kerala,6/18/20,0.6099581,0,1.2199162
1209,Delhi,3/5/20,,,
1210,Delhi,3/9/20,,,
1211,Delhi,3/12/20,,,
1212,Delhi,3/13/20,,,
1213,Delhi,3/15/20,,,
1214,Delhi,3/17/20,,,
1215,Delhi,3/18/20,,,
1216,Delhi,3/19/20,,,
1217,Delhi,3/20/20,3.197224577,2.975835985,3.41861317
1218,Delhi,3/21/20,3.148642703,2.598810172,3.698475234
1219,Delhi,3/22/20,1.42364893,1.077045965,1.770251896
1220,Delhi,3/23/20,0,0,0
1221,Delhi,3/24/20,0,0,0
1222,Delhi,3/25/20,0.663527763,0,1.327055527
1223,Delhi,3/26/20,1.458145366,1.288274387,1.628016345
1224,Delhi,3/27/20,1.693147181,1.663912639,1.722381722
1225,Delhi,3/28/20,3.085652802,2.654017757,3.517287847
1226,Delhi,3/29/20,3.624668592,2.850993636,4.398343549
1227,Delhi,3/30/20,5.093475752,4.978499589,5.208451916
1228,Delhi,3/31/20,3.260025479,3.088681065,3.431369892
1229,Delhi,4/1/20,2.268511325,1.911513723,2.625508928
1230,Delhi,4/2/20,2.936695713,2.103702339,3.769689088
1231,Delhi,4/3/20,3.220356506,2.989671008,3.451042003
1232,Delhi,4/4/20,2.475475023,2.248448584,2.702501463
1233,Delhi,4/5/20,1.159095885,0.62945181,1.688739959
1234,Delhi,4/6/20,0,0,0
1235,Delhi,4/7/20,0,0,0
1236,Delhi,4/8/20,1.39075336,1.30982696,1.47167976
1237,Delhi,4/9/20,1.592161142,0.803152805,2.381169479
1238,Delhi,4/10/20,3.118443699,2.393773527,3.843113872
1239,Delhi,4/11/20,2.518605485,1.799152192,3.238058779
1240,Delhi,4/12/20,1.500132841,1.149064104,1.851201579
1241,Delhi,4/13/20,2.55968765,2.531333422,2.588041878
1242,Delhi,4/14/20,0.103810951,0,0.207621902
1243,Delhi,4/15/20,0,0,0
1244,Delhi,4/16/20,0,0,0
1245,Delhi,4/17/20,0,0,0
1246,Delhi,4/18/20,2.979660679,2.028450234,3.930871123
1247,Delhi,4/19/20,3.416573166,3.352742865,3.480403468
1248,Delhi,4/20/20,1.477468315,1.262238572,1.692698058
1249,Delhi,4/21/20,0.678276571,0.403324574,0.953228568
1250,Delhi,4/22/20,0.104545777,0,0.209091554
1251,Delhi,4/23/20,1.234089773,0.84332711,1.624852437
1252,Delhi,4/24/20,1.837815934,1.517176635,2.158455232
1253,Delhi,4/25/20,1.594774642,1.554047104,1.63550218
1254,Delhi,4/26/20,2.087134001,1.207282501,2.966985501
1255,Delhi,4/27/20,1.77145327,0.799181785,2.743724755
1256,Delhi,4/28/20,0,0,0
1257,Delhi,4/29/20,0,0,0
1258,Delhi,4/30/20,0,0,0
1259,Delhi,5/1/20,2.076809184,1.841855294,2.311763074
1260,Delhi,5/2/20,5.220248086,4.711537861,5.728958311
1261,Delhi,5/3/20,2.787130204,2.052707121,3.521553286
1262,Delhi,5/4/20,2.759224151,2.234227707,3.284220594
1263,Delhi,5/5/20,1.111704342,0.167891663,2.055517021
1264,Delhi,5/6/20,0.868943051,0.014925155,1.722960946
1265,Delhi,5/7/20,0,0,0
1266,Delhi,5/8/20,0.339870881,0.298637378,0.381104385
1267,Delhi,5/9/20,1.103207477,0.333057108,1.873357846
1268,Delhi,5/10/20,1.599093635,1.113174626,2.085012643
1269,Delhi,5/11/20,2.601303824,1.971127497,3.231480152
1270,Delhi,5/12/20,0,0,0
1271,Delhi,5/13/20,,,
1272,Delhi,5/14/20,,,
1273,Delhi,5/15/20,,,
1274,Delhi,5/16/20,,,
1275,Delhi,5/17/20,,,
1276,Delhi,5/18/20,,,
1277,Delhi,5/19/20,2.654555897,1.992365054,3.31674674
1278,Delhi,5/20/20,2.523432875,2.364844023,2.682021728
1279,Delhi,5/21/20,2.847808907,1.970698656,3.724919158
1280,Delhi,5/22/20,5.243478626,5.038967504,5.447989747
1281,Delhi,5/23/20,1.52905651,0.782569829,2.275543192
1282,Delhi,5/24/20,1.969532472,1.794685829,2.144379116
1283,Delhi,5/25/20,1.565429676,0.942717888,2.188141464
1284,Delhi,5/26/20,0.961811296,0.091704011,1.831918582
1285,Delhi,5/27/20,1.886505914,1.233297021,2.539714807
1286,Delhi,5/28/20,2.427658898,1.956803506,2.89851429
1287,Delhi,5/29/20,2.18934905,1.781277181,2.59742092
1288,Delhi,5/30/20,2.623569438,2.344531287,2.902607589
1289,Delhi,5/31/20,1.66146369,1.306758593,2.016168787
1290,Delhi,6/1/20,0.958065228,0.396768863,1.519361593
1291,Delhi,6/2/20,0.97568061,0.288054182,1.663307038
1292,Delhi,6/3/20,1.190018262,0.944618623,1.435417902
1293,Delhi,6/4/20,1.409257991,0.575006625,2.243509357
1294,Delhi,6/5/20,1.362365099,0.412091741,2.312638457
1295,Delhi,6/6/20,1.03326623,0.456919859,1.609612602
1296,Delhi,6/7/20,0.724237948,0.606187718,0.842288178
1297,Delhi,6/8/20,0.527317567,0.366606042,0.688029092
1298,Delhi,6/9/20,0.737470741,0.451417503,1.023523978
1299,Delhi,6/10/20,1.085198364,0.164256986,2.006139743
1300,Delhi,6/11/20,1.649470206,0.923396278,2.375544134
1301,Delhi,6/12/20,2.046029915,1.211172565,2.880887265
1302,Delhi,6/13/20,0.678307122,0.186455919,1.170158324
1303,Delhi,6/14/20,0.772586188,0.242517449,1.302654927
1304,Delhi,6/15/20,0.695511881,0.622503632,0.76852013
1305,Delhi,6/16/20,1.308157505,0.71376566,1.902549351
1306,Delhi,6/17/20,1.986542699,1.646322169,2.326763229
1307,Delhi,6/18/20,,,
1308,Ladakh,3/7/20,,,
1309,Ladakh,3/11/20,,,
1310,Ladakh,3/17/20,,,
1311,Ladakh,3/20/20,,,
1312,Ladakh,3/21/20,1.238682289,0.628229318,1.849135261
1313,Ladakh,4/3/20,0.898835556,0.115794049,1.681877063
1314,Ladakh,4/10/20,0.69504189,0.477785176,0.912298604
1315,Ladakh,4/13/20,0.877684867,0.42247672,1.332893013
1316,Ladakh,4/15/20,0.840748317,0.641762606,1.039734029
1317,Ladakh,4/25/20,1.156551933,0.32194162,1.991162247
1318,Ladakh,4/28/20,1.160086666,0.913491974,1.406681359
1319,Ladakh,4/29/20,,,
1320,Ladakh,5/2/20,,,
1321,Ladakh,5/3/20,,,
1322,Ladakh,5/8/20,,,
1323,Ladakh,5/10/20,,,
1324,Ladakh,5/11/20,,,
1325,Ladakh,5/13/20,,,
1326,Ladakh,5/15/20,,,
1327,Ladakh,5/18/20,,,
1328,Ladakh,5/20/20,,,
1329,Ladakh,5/22/20,,,
1330,Ladakh,5/23/20,,,
1331,Ladakh,5/24/20,2.470425101,1.946136127,2.994714075
1332,Ladakh,5/25/20,1.332276844,0.676987447,1.987566242
1333,Ladakh,5/27/20,0,0,0
1334,Ladakh,5/28/20,2.050632911,1.074857026,3.026408796
1335,Ladakh,5/30/20,1.884720097,1.303526494,2.465913701
1336,Ladakh,5/31/20,,,
1337,Ladakh,6/2/20,,,
1338,Ladakh,6/3/20,,,
1339,Ladakh,6/4/20,,,
1340,Ladakh,6/5/20,0.65342641,0.568533736,0.738319084
1341,Ladakh,6/6/20,,,
1342,Ladakh,6/7/20,,,
1343,Ladakh,6/9/20,,,
1344,Ladakh,6/10/20,,,
1345,Ladakh,6/11/20,,,
1346,Ladakh,6/12/20,3.869948927,2.923232518,4.816665336
1347,Ladakh,6/13/20,5.914943264,5.436756399,6.393130129
1348,Ladakh,6/14/20,4.891186657,4.310091448,5.472281867
1349,Ladakh,6/15/20,0,0,0
1350,Ladakh,6/16/20,0,0,0
1351,Ladakh,6/17/20,0,0,0
1352,Ladakh,6/18/20,,,
1353,Haryana,3/4/20,,,
1354,Haryana,3/17/20,,,
1355,Haryana,3/18/20,,,
1356,Haryana,3/20/20,,,
1357,Haryana,3/21/20,0.981759285,0.850535621,1.112982948
1358,Haryana,3/23/20,2.304748598,1.711113398,2.898383797
1359,Haryana,3/24/20,1.494511698,0.903670011,2.085353386
1360,Haryana,3/25/20,0.662079056,0.56699106,0.757167053
1361,Haryana,3/26/20,0,0,0
1362,Haryana,3/27/20,0,0,0
1363,Haryana,3/28/20,1,0.216404071,1.783595929
1364,Haryana,3/29/20,,,
1365,Haryana,3/30/20,,,
1366,Haryana,3/31/20,,,
1367,Haryana,4/2/20,,,
1368,Haryana,4/3/20,3.120149237,2.131414041,4.108884434
1369,Haryana,4/4/20,3.470579549,2.936088305,4.005070793
1370,Haryana,4/5/20,1.476039054,0.625957084,2.326121025
1371,Haryana,4/6/20,2.00124025,1.512365011,2.49011549
1372,Haryana,4/7/20,2.168100852,2.074910664,2.261291039
1373,Haryana,4/8/20,1.772331338,1.730109931,1.814552746
1374,Haryana,4/9/20,0.398013598,0.113936755,0.682090441
1375,Haryana,4/10/20,0,0,0
1376,Haryana,4/11/20,0,0,0
1377,Haryana,4/12/20,0.594534892,0.516328817,0.672740967
1378,Haryana,4/13/20,0.391802338,0.204327161,0.579277515
1379,Haryana,4/14/20,0,0,0
1380,Haryana,4/15/20,0.65342641,0,1.306852819
1381,Haryana,4/16/20,1.521186285,1.293043396,1.749329175
1382,Haryana,4/17/20,3.931815588,3.201566152,4.662065023
1383,Haryana,4/18/20,2.647918433,2.540874257,2.754962609
1384,Haryana,4/19/20,1.998276941,1.10678839,2.889765492
1385,Haryana,4/20/20,0,0,0
1386,Haryana,4/21/20,0,0,0
1387,Haryana,4/22/20,0.247961302,0,0.495922603
1388,Haryana,4/23/20,1,0.593605581,1.406394419
1389,Haryana,4/24/20,2.812170466,1.916524278,3.707816655
1390,Haryana,4/25/20,1.804718956,1.181294876,2.428143036
1391,Haryana,4/26/20,1.34657359,0.930555611,1.76259157
1392,Haryana,4/27/20,,,
1393,Haryana,4/28/20,,,
1394,Haryana,4/29/20,,,
1395,Haryana,4/30/20,,,
1396,Haryana,5/1/20,,,
1397,Haryana,5/2/20,4.035945898,3.300764666,4.77112713
1398,Haryana,5/3/20,4.449987546,3.450189742,5.449785349
1399,Haryana,5/4/20,3.170287964,2.252357278,4.08821865
1400,Haryana,5/5/20,2.552976143,2.48903607,2.616916216
1401,Haryana,5/6/20,1.492439274,1.318499345,1.666379204
1402,Haryana,5/7/20,0.060444877,0,0.120889753
1403,Haryana,5/8/20,0,0,0
1404,Haryana,5/9/20,0,0,0
1405,Haryana,5/10/20,0,0,0
1406,Haryana,5/11/20,,,
1407,Haryana,5/12/20,,,
1408,Haryana,5/13/20,,,
1409,Haryana,5/14/20,,,
1410,Haryana,5/15/20,,,
1411,Haryana,5/16/20,,,
1412,Haryana,5/17/20,,,
1413,Haryana,5/18/20,,,
1414,Haryana,5/19/20,,,
1415,Haryana,5/20/20,,,
1416,Haryana,5/21/20,,,
1417,Haryana,5/22/20,,,
1418,Haryana,5/23/20,,,
1419,Haryana,5/24/20,,,
1420,Haryana,5/25/20,,,
1421,Haryana,5/26/20,,,
1422,Haryana,5/27/20,,,
1423,Haryana,5/28/20,,,
1424,Haryana,5/29/20,2.275346555,1.76546761,2.785225499
1425,Haryana,5/30/20,2.315858579,1.872952048,2.758765111
1426,Haryana,5/31/20,1.799690237,1.376837461,2.222543012
1427,Haryana,6/1/20,1.903760469,1.134650655,2.672870284
1428,Haryana,6/2/20,1.778833394,1.758915481,1.798751308
1429,Haryana,6/3/20,2.068073682,1.963155674,2.172991691
1430,Haryana,6/4/20,2.212309789,1.695841523,2.728778055
1431,Haryana,6/5/20,0.909985324,0.475338683,1.344631964
1432,Haryana,6/6/20,0.912270754,0.743266663,1.081274845
1433,Haryana,6/7/20,1.041296634,0.466797956,1.615795312
1434,Haryana,6/8/20,0.582652001,0,1.165304003
1435,Haryana,6/9/20,0.783021853,0.25214495,1.313898756
1436,Haryana,6/10/20,,,
1437,Haryana,6/11/20,,,
1438,Haryana,6/12/20,,,
1439,Haryana,6/13/20,,,
1440,Haryana,6/14/20,0.366885418,0,0.733770835
1441,Haryana,6/15/20,,,
1442,Haryana,6/16/20,,,
1443,Haryana,6/17/20,,,
1444,Haryana,6/18/20,,,
1445,Odisha,3/19/20,,,
1446,Odisha,3/26/20,,,
1447,Odisha,3/27/20,,,
1448,Odisha,3/31/20,,,
1449,Odisha,4/1/20,1,0.093594717,1.906405283
1450,Odisha,4/3/20,2.177413131,1.94576478,2.409061482
1451,Odisha,4/4/20,1.767746191,1.046470283,2.489022099
1452,Odisha,4/5/20,3.331427994,2.956382764,3.706473224
1453,Odisha,4/6/20,1.439866875,0.910147697,1.969586052
1454,Odisha,4/7/20,,,
1455,Odisha,4/9/20,,,
1456,Odisha,4/10/20,,,
1457,Odisha,4/11/20,,,
1458,Odisha,4/13/20,,,
1459,Odisha,4/14/20,0.523079084,0,1.046158168
1460,Odisha,4/18/20,0.487065948,0,0.974131896
1461,Odisha,4/20/20,1.415875466,0.744127927,2.087623005
1462,Odisha,4/21/20,1.801921353,1.583176726,2.02066598
1463,Odisha,4/22/20,1.236939838,1.214290503,1.259589173
1464,Odisha,4/23/20,2.309240595,1.687152693,2.931328497
1465,Odisha,4/24/20,0.135649333,0,0.271298667
1466,Odisha,4/25/20,1.293893332,1.243161534,1.344625131
1467,Odisha,4/26/20,0.712317928,0.086514129,1.338121726
1468,Odisha,4/27/20,1.517777076,1.035033789,2.000520364
1469,Odisha,4/28/20,,,
1470,Odisha,4/29/20,,,
1471,Odisha,4/30/20,,,
1472,Odisha,5/1/20,,,
1473,Odisha,5/2/20,,,
1474,Odisha,5/3/20,,,
1475,Odisha,5/4/20,,,
1476,Odisha,5/5/20,,,
1477,Odisha,5/6/20,,,
1478,Odisha,5/7/20,2.603522171,2.046630033,3.160414309
1479,Odisha,5/8/20,3.275632461,2.809942506,3.741322416
1480,Odisha,5/9/20,3.692916261,3.224481713,4.161350809
1481,Odisha,5/10/20,1.80593095,1.116946233,2.494915668
1482,Odisha,5/11/20,1.13299949,0.278654289,1.987344691
1483,Odisha,5/12/20,,,
1484,Odisha,5/13/20,,,
1485,Odisha,5/14/20,,,
1486,Odisha,5/15/20,,,
1487,Odisha,5/16/20,,,
1488,Odisha,5/17/20,,,
1489,Odisha,5/18/20,,,
1490,Odisha,5/19/20,,,
1491,Odisha,5/20/20,,,
1492,Odisha,5/21/20,,,
1493,Odisha,5/22/20,,,
1494,Odisha,5/23/20,,,
1495,Odisha,5/24/20,,,
1496,Odisha,5/25/20,0,0,0
1497,Odisha,5/26/20,,,
1498,Odisha,5/27/20,,,
1499,Odisha,5/28/20,,,
1500,Odisha,5/29/20,,,
1501,Odisha,5/30/20,,,
1502,Odisha,5/31/20,,,
1503,Odisha,6/1/20,,,
1504,Odisha,6/2/20,2.283382472,1.785894068,2.780870876
1505,Odisha,6/3/20,1.886040478,1.830993113,1.941087843
1506,Odisha,6/4/20,0.418746814,0.382170521,0.455323108
1507,Odisha,6/5/20,0,0,0
1508,Odisha,6/6/20,0,0,0
1509,Odisha,6/7/20,,,
1510,Odisha,6/8/20,,,
1511,Odisha,6/9/20,,,
1512,Odisha,6/10/20,,,
1513,Odisha,6/11/20,,,
1514,Odisha,6/12/20,,,
1515,Odisha,6/13/20,,,
1516,Odisha,6/14/20,,,
1517,Odisha,6/15/20,,,
1518,Odisha,6/16/20,,,
1519,Odisha,6/17/20,,,
1520,Odisha,6/18/20,,,
1521,Odisha,6/19/20,,,
1522,Chandigarh,3/19/20,,,
1523,Chandigarh,3/20/20,,,
1524,Chandigarh,3/22/20,,,
1525,Chandigarh,3/23/20,,,
1526,Chandigarh,3/27/20,0.606978403,0.184965898,1.028990907
1527,Chandigarh,3/30/20,1.22340162,1.213321913,1.233481327
1528,Chandigarh,3/31/20,1.653522737,1.64714452,1.659900955
1529,Chandigarh,4/1/20,1.589611534,0.999130369,2.1800927
1530,Chandigarh,4/2/20,1.066509948,0.263856558,1.869163337
1531,Chandigarh,4/10/20,0.474996879,0,0.949993758
1532,Chandigarh,4/12/20,0.944101034,0.4569286,1.431273468
1533,Chandigarh,4/18/20,1.088690092,1.088377094,1.08900309
1534,Chandigarh,4/19/20,1.300640566,0.630750137,1.970530995
1535,Chandigarh,4/21/20,1.106085695,0.918761648,1.293409741
1536,Chandigarh,4/25/20,0.691934586,0.546986855,0.836882318
1537,Chandigarh,4/26/20,1.297596534,1.033927095,1.561265972
1538,Chandigarh,4/27/20,1.784704103,1.525212939,2.044195268
1539,Chandigarh,4/28/20,2.883176705,2.725127213,3.041226198
1540,Chandigarh,4/29/20,3.644133515,3.461538132,3.826728899
1541,Chandigarh,4/30/20,0.673837407,0.158274313,1.189400501
1542,Chandigarh,5/1/20,1.047604072,0.062413608,2.032794536
1543,Chandigarh,5/2/20,0.28861798,0,0.577235959
1544,Chandigarh,5/3/20,0,0,0
1545,Chandigarh,5/4/20,0,0,0
1546,Chandigarh,5/5/20,0.938743203,0.615548361,1.261938044
1547,Chandigarh,5/6/20,2.070033082,1.993024446,2.147041717
1548,Chandigarh,5/7/20,2.960160904,2.299476528,3.620845281
1549,Chandigarh,5/8/20,1.986313769,1.68347433,2.289153207
1550,Chandigarh,5/9/20,1.50909252,0.696018299,2.32216674
1551,Chandigarh,5/10/20,0.788092877,0,1.576185753
1552,Chandigarh,5/11/20,0,0,0
1553,Chandigarh,5/12/20,0,0,0
1554,Chandigarh,5/13/20,0,0,0
1555,Chandigarh,5/14/20,,,
1556,Chandigarh,5/15/20,,,
1557,Chandigarh,5/16/20,,,
1558,Chandigarh,5/18/20,,,
1559,Chandigarh,5/19/20,,,
1560,Chandigarh,5/20/20,,,
1561,Chandigarh,5/21/20,,,
1562,Chandigarh,5/22/20,,,
1563,Chandigarh,5/23/20,,,
1564,Chandigarh,5/24/20,,,
1565,Chandigarh,5/25/20,,,
1566,Chandigarh,5/26/20,,,
1567,Chandigarh,5/27/20,,,
1568,Chandigarh,5/28/20,,,
1569,Chandigarh,5/30/20,,,
1570,Chandigarh,5/31/20,,,
1571,Chandigarh,6/1/20,,,
1572,Chandigarh,6/2/20,,,
1573,Chandigarh,6/4/20,,,
1574,Chandigarh,6/5/20,,,
1575,Chandigarh,6/6/20,,,
1576,Chandigarh,6/7/20,,,
1577,Chandigarh,6/8/20,,,
1578,Chandigarh,6/9/20,,,
1579,Chandigarh,6/10/20,,,
1580,Chandigarh,6/11/20,,,
1581,Chandigarh,6/12/20,,,
1582,Chandigarh,6/13/20,,,
1583,Chandigarh,6/14/20,0,0,0
1584,Chandigarh,6/15/20,,,
1585,Chandigarh,6/16/20,,,
1586,Chandigarh,6/17/20,,,
1587,Chandigarh,6/18/20,,,
1588,Karnataka,3/13/20,,,
1589,Karnataka,3/19/20,,,
1590,Karnataka,3/20/20,,,
1591,Karnataka,3/21/20,,,
1592,Karnataka,3/22/20,,,
1593,Karnataka,3/23/20,,,
1594,Karnataka,3/24/20,,,
1595,Karnataka,3/25/20,,,
1596,Karnataka,3/26/20,,,
1597,Karnataka,3/27/20,,,
1598,Karnataka,3/28/20,,,
1599,Karnataka,3/29/20,,,
1600,Karnataka,3/30/20,,,
1601,Karnataka,3/31/20,,,
1602,Karnataka,4/1/20,1.780532164,1.460282759,2.100781569
1603,Karnataka,4/2/20,3.071567363,2.887134355,3.256000372
1604,Karnataka,4/3/20,0.981816178,0.339322775,1.624309581
1605,Karnataka,4/4/20,1.338491122,1.226610569,1.450371675
1606,Karnataka,4/5/20,0.957421096,0.287606675,1.627235517
1607,Karnataka,4/6/20,0.247961302,0.08295454,0.412968064
1608,Karnataka,4/7/20,0.849947704,0,1.699895408
1609,Karnataka,4/8/20,0,0,0
1610,Karnataka,4/9/20,1.916290732,1.488495498,2.344085965
1611,Karnataka,4/10/20,2.360236361,1.627341699,3.093131022
1612,Karnataka,4/11/20,1.182321557,0.683562005,1.681081109
1613,Karnataka,4/12/20,0,0,0
1614,Karnataka,4/13/20,0,0,0
1615,Karnataka,4/14/20,1.71429837,1.656710189,1.771886552
1616,Karnataka,4/15/20,3.32219545,2.483378946,4.161011953
1617,Karnataka,4/16/20,4.236945348,3.871227089,4.602663607
1618,Karnataka,4/17/20,3.214032883,3.097304035,3.33076173
1619,Karnataka,4/18/20,2.076345314,1.917331586,2.235359042
1620,Karnataka,4/19/20,0,0,0
1621,Karnataka,4/20/20,0,0,0
1622,Karnataka,4/21/20,0,0,0
1623,Karnataka,4/22/20,0.663716764,0.622161615,0.705271913
1624,Karnataka,4/23/20,2.445185879,1.715372077,3.174999681
1625,Karnataka,4/24/20,1.735726085,0.797199155,2.674253014
1626,Karnataka,4/25/20,2.523001411,2.342916351,2.703086471
1627,Karnataka,4/26/20,0,0,0
1628,Karnataka,4/27/20,,,
1629,Karnataka,4/28/20,,,
1630,Karnataka,4/29/20,,,
1631,Karnataka,4/30/20,,,
1632,Karnataka,5/1/20,,,
1633,Karnataka,5/2/20,,,
1634,Karnataka,5/3/20,,,
1635,Karnataka,5/4/20,,,
1636,Karnataka,5/5/20,,,
1637,Karnataka,5/6/20,,,
1638,Karnataka,5/7/20,,,
1639,Karnataka,5/8/20,,,
1640,Karnataka,5/9/20,,,
1641,Karnataka,5/10/20,,,
1642,Karnataka,5/11/20,0,0,0
1643,Karnataka,5/12/20,0.7104927,0.376220993,1.044764406
1644,Karnataka,5/13/20,0.801139299,0.357911489,1.244367108
1645,Karnataka,5/14/20,1.279807894,1.038003503,1.521612285
1646,Karnataka,5/15/20,2.195690296,2.13085721,2.260523382
1647,Karnataka,5/16/20,0.586452424,0.086274895,1.086629952
1648,Karnataka,5/17/20,2.155774202,1.432597856,2.878950548
1649,Karnataka,5/18/20,2.444681011,2.386051084,2.503310937
1650,Karnataka,5/19/20,2.699636394,2.379538963,3.019733825
1651,Karnataka,5/20/20,2.562948171,2.013209711,3.112686631
1652,Karnataka,5/21/20,1.945249741,1.77738675,2.113112732
1653,Karnataka,5/22/20,1.342630612,0.955462597,1.729798628
1654,Karnataka,5/23/20,1.801874344,0.865256614,2.738492075
1655,Karnataka,5/24/20,1.69356975,1.417841504,1.969297996
1656,Karnataka,5/25/20,0,0,0
1657,Karnataka,5/26/20,0,0,0
1658,Karnataka,5/27/20,0,0,0
1659,Karnataka,5/28/20,1.211997617,0.680909124,1.74308611
1660,Karnataka,5/29/20,2.997410173,2.762768424,3.232051923
1661,Karnataka,5/30/20,1.678619,0.888216688,2.469021311
1662,Karnataka,5/31/20,0.327692976,0,0.655385951
1663,Karnataka,6/1/20,0.724076397,0,1.448152794
1664,Karnataka,6/2/20,1.856334818,0.908512746,2.80415689
1665,Karnataka,6/3/20,3.140242129,2.99927656,3.281207699
1666,Karnataka,6/4/20,2.029379258,1.874989799,2.183768718
1667,Karnataka,6/5/20,2.386475193,1.881506991,2.891443395
1668,Karnataka,6/6/20,0.330645237,0.067523075,0.593767399
1669,Karnataka,6/7/20,0,0,0
1670,Karnataka,6/8/20,,,
1671,Karnataka,6/9/20,,,
1672,Karnataka,6/10/20,,,
1673,Karnataka,6/11/20,,,
1674,Karnataka,6/12/20,,,
1675,Karnataka,6/13/20,,,
1676,Karnataka,6/14/20,,,
1677,Karnataka,6/15/20,,,
1678,Karnataka,6/16/20,,,
1679,Karnataka,6/17/20,,,
1680,Karnataka,6/18/20,,,
1681,Gujarat,3/19/20,,,
1682,Gujarat,3/20/20,,,
1683,Gujarat,3/21/20,,,
1684,Gujarat,3/22/20,,,
1685,Gujarat,3/23/20,2.704748092,2.468204725,2.941291459
1686,Gujarat,3/24/20,1.996215082,1.802413591,2.190016574
1687,Gujarat,3/25/20,0,0,0
1688,Gujarat,3/26/20,0.311877987,0,0.623755975
1689,Gujarat,3/27/20,0,0,0
1690,Gujarat,3/28/20,1.980829253,1.626758644,2.334899862
1691,Gujarat,3/29/20,3.314443356,2.483525144,4.145361568
1692,Gujarat,3/30/20,1.34657359,1.011996187,1.681150993
1693,Gujarat,3/31/20,0.764998185,0.746948715,0.783047655
1694,Gujarat,4/1/20,1.138934226,0.737955205,1.539913247
1695,Gujarat,4/2/20,0,0,0
1696,Gujarat,4/3/20,0.643325056,0.02848642,1.258163693
1697,Gujarat,4/4/20,1.869135392,0.917075009,2.821195775
1698,Gujarat,4/5/20,2.607897079,2.057113581,3.158680577
1699,Gujarat,4/6/20,4.362602562,3.716691196,5.008513929
1700,Gujarat,4/7/20,2.584096881,2.275891621,2.892302142
1701,Gujarat,4/8/20,1.071407951,0.200565625,1.942250278
1702,Gujarat,4/9/20,2.19412334,2.179171306,2.209075373
1703,Gujarat,4/10/20,3.344937188,2.682848906,4.007025471
1704,Gujarat,4/11/20,3.310361299,3.020086464,3.600636135
1705,Gujarat,4/12/20,2.557843903,2.14438851,2.971299296
1706,Gujarat,4/13/20,0.25342376,0.131275207,0.375572314
1707,Gujarat,4/14/20,0.365889646,0.203518641,0.528260651
1708,Gujarat,4/15/20,1.496534429,1.386715237,1.606353621
1709,Gujarat,4/16/20,2.58666844,2.289938627,2.883398253
1710,Gujarat,4/17/20,2.478967433,1.842581791,3.115353076
1711,Gujarat,4/18/20,2.458412802,2.061209738,2.855615867
1712,Gujarat,4/19/20,2.41690531,2.022523412,2.811287207
1713,Gujarat,4/20/20,1.569146164,0.649100769,2.489191559
1714,Gujarat,4/21/20,1.167713691,0.486425904,1.849001479
1715,Gujarat,4/22/20,0.595255349,0.262865809,0.927644889
1716,Gujarat,4/23/20,0.552339178,0,1.104678355
1717,Gujarat,4/24/20,0.92587567,0.032523393,1.819227946
1718,Gujarat,4/25/20,0.977989605,0.874730181,1.081249028
1719,Gujarat,4/26/20,1.086997351,0.907597818,1.266396883
1720,Gujarat,4/27/20,0.756430704,0.706987646,0.805873761
1721,Gujarat,4/28/20,0.614844221,0.143470109,1.086218332
1722,Gujarat,4/29/20,0.588084632,0,1.176169264
1723,Gujarat,4/30/20,1.033968076,0.599928985,1.468007167
1724,Gujarat,5/1/20,1.312878757,0.318606874,2.30715064
1725,Gujarat,5/2/20,0.84665987,0,1.693319739
1726,Gujarat,5/3/20,0.82667507,0.216887292,1.436462848
1727,Gujarat,5/4/20,0.949035804,0.736448037,1.161623571
1728,Gujarat,5/5/20,1.22484194,0.430211686,2.019472194
1729,Gujarat,5/6/20,1.475385268,1.306187964,1.644582572
1730,Gujarat,5/7/20,0.803908075,0.473050024,1.134766125
1731,Gujarat,5/8/20,0.886727383,0.719072124,1.054382641
1732,Gujarat,5/9/20,0.627088115,0.356221581,0.897954649
1733,Gujarat,5/10/20,,,
1734,Gujarat,5/11/20,,,
1735,Gujarat,5/12/20,,,
1736,Gujarat,5/13/20,,,
1737,Gujarat,5/14/20,,,
1738,Gujarat,5/15/20,,,
1739,Gujarat,5/16/20,5.998254452,5.547941857,6.448567048
1740,Gujarat,5/17/20,4.123792817,3.55034466,4.697240973
1741,Gujarat,5/18/20,0.267909534,0,0.535819067
1742,Gujarat,5/19/20,0.546721516,0.344528338,0.748914693
1743,Gujarat,5/20/20,0,0,0
1744,Gujarat,5/21/20,1.244420455,0.999980881,1.48886003
1745,Gujarat,5/22/20,,,
1746,Gujarat,5/23/20,,,
1747,Gujarat,5/24/20,,,
1748,Gujarat,5/25/20,,,
1749,Gujarat,5/26/20,,,
1750,Gujarat,5/27/20,,,
1751,Gujarat,5/28/20,,,
1752,Gujarat,5/29/20,,,
1753,Gujarat,5/30/20,,,
1754,Gujarat,5/31/20,,,
1755,Gujarat,6/1/20,,,
1756,Gujarat,6/2/20,,,
1757,Gujarat,6/3/20,,,
1758,Gujarat,6/4/20,,,
1759,Gujarat,6/5/20,,,
1760,Gujarat,6/6/20,2.939264103,2.477609375,3.400918831
1761,Gujarat,6/7/20,2.78699722,1.923496045,3.650498396
1762,Gujarat,6/8/20,4.442019376,4.41894422,4.465094532
1763,Gujarat,6/9/20,0,0,0
1764,Gujarat,6/10/20,0,0,0
1765,Gujarat,6/11/20,0.733713237,0.065199254,1.402227221
1766,Gujarat,6/12/20,1.127924068,0.326204781,1.929643355
1767,Gujarat,6/13/20,2.079579188,1.696858993,2.462299384
1768,Gujarat,6/14/20,0,0,0
1769,Gujarat,6/15/20,1.005191372,0.929385777,1.080996967
1770,Gujarat,6/16/20,1.272673908,0.739837557,1.805510259
1771,Gujarat,6/17/20,1.705478243,1.076913625,2.33404286
1772,Gujarat,6/18/20,1.804080794,1.584780883,2.023380705
1773,Madhya Pradesh,3/20/20,,,
1774,Madhya Pradesh,3/22/20,,,
1775,Madhya Pradesh,3/23/20,,,
1776,Madhya Pradesh,3/24/20,,,
1777,Madhya Pradesh,3/25/20,0.812662924,0.709978988,0.91534686
1778,Madhya Pradesh,3/26/20,2.609437912,1.900550498,3.318325327
1779,Madhya Pradesh,3/27/20,3.404055515,3.356143046,3.451967984
1780,Madhya Pradesh,3/28/20,2.889245806,2.72147822,3.057013393
1781,Madhya Pradesh,3/30/20,1.77505043,1.013383092,2.536717767
1782,Madhya Pradesh,3/31/20,2.010083889,1.633648061,2.386519716
1783,Madhya Pradesh,4/1/20,2.316353145,1.415172517,3.217533772
1784,Madhya Pradesh,4/2/20,1.496916708,1.23400157,1.759831846
1785,Madhya Pradesh,4/3/20,2.397098859,1.911840409,2.882357309
1786,Madhya Pradesh,4/4/20,1.466642695,0.620388638,2.312896753
1787,Madhya Pradesh,4/5/20,0.684147051,0.50271619,0.865577912
1788,Madhya Pradesh,4/6/20,2.340365013,1.999289889,2.681440137
1789,Madhya Pradesh,4/7/20,1.138342374,1.001395673,1.275289074
1790,Madhya Pradesh,4/8/20,2.156601405,1.454562925,2.858639885
1791,Madhya Pradesh,4/9/20,2.503783366,2.477222998,2.530343733
1792,Madhya Pradesh,4/10/20,0.906812086,0.394388443,1.41923573
1793,Madhya Pradesh,4/11/20,1.708875213,1.189028858,2.228721568
1794,Madhya Pradesh,4/12/20,0.618788721,0.610147456,0.627429986
1795,Madhya Pradesh,4/13/20,0.60656253,0,1.21312506
1796,Madhya Pradesh,4/14/20,1.952575078,1.214549722,2.690600434
1797,Madhya Pradesh,4/15/20,2.600334665,2.211230057,2.989439272
1798,Madhya Pradesh,4/16/20,3.590007443,3.52298933,3.657025556
1799,Madhya Pradesh,4/17/20,2.32053686,1.881902501,2.759171218
1800,Madhya Pradesh,4/18/20,0.590981839,0.013226776,1.168736902
1801,Madhya Pradesh,4/19/20,0,0,0
1802,Madhya Pradesh,4/20/20,0,0,0
1803,Madhya Pradesh,4/21/20,0.106956672,0.05769151,0.156221834
1804,Madhya Pradesh,4/22/20,1.376221521,0.629400139,2.123042903
1805,Madhya Pradesh,4/23/20,3.688379396,3.00598035,4.370778442
1806,Madhya Pradesh,4/24/20,1.944544678,1.657724551,2.231364806
1807,Madhya Pradesh,4/25/20,2.195576622,2.019794934,2.371358311
1808,Madhya Pradesh,4/26/20,2.403341962,1.885309035,2.92137489
1809,Madhya Pradesh,4/27/20,0,0,0
1810,Madhya Pradesh,4/28/20,0.143663403,0,0.287326807
1811,Madhya Pradesh,4/29/20,0.748561188,0.532747166,0.964375211
1812,Madhya Pradesh,4/30/20,0.443762174,0,0.887524348
1813,Madhya Pradesh,5/1/20,1.285255538,0.878948737,1.691562338
1814,Madhya Pradesh,5/2/20,,,
1815,Madhya Pradesh,5/3/20,,,
1816,Madhya Pradesh,5/4/20,,,
1817,Madhya Pradesh,5/5/20,,,
1818,Madhya Pradesh,5/6/20,,,
1819,Madhya Pradesh,5/7/20,,,
1820,Madhya Pradesh,5/8/20,,,
1821,Madhya Pradesh,5/9/20,,,
1822,Madhya Pradesh,5/10/20,,,
1823,Madhya Pradesh,5/11/20,,,
1824,Madhya Pradesh,5/12/20,,,
1825,Madhya Pradesh,5/13/20,,,
1826,Madhya Pradesh,5/14/20,0.353082628,0,0.706165257
1827,Madhya Pradesh,5/15/20,0.445854581,0,0.891709162
1828,Madhya Pradesh,5/16/20,1.849994527,1.565730933,2.134258121
1829,Madhya Pradesh,5/17/20,2.297003368,1.331054902,3.262951833
1830,Madhya Pradesh,5/18/20,2.280703415,1.818444543,2.742962288
1831,Madhya Pradesh,5/19/20,0.457637465,0,0.915274931
1832,Madhya Pradesh,5/20/20,0.369961873,0.175548986,0.564374759
1833,Madhya Pradesh,5/21/20,1.226059271,0.461232819,1.990885723
1834,Madhya Pradesh,5/22/20,,,
1835,Madhya Pradesh,5/23/20,,,
1836,Madhya Pradesh,5/24/20,,,
1837,Madhya Pradesh,5/25/20,,,
1838,Madhya Pradesh,5/26/20,1.685273002,1.130963592,2.239582412
1839,Madhya Pradesh,5/27/20,,,
1840,Madhya Pradesh,5/28/20,,,
1841,Madhya Pradesh,5/29/20,,,
1842,Madhya Pradesh,5/30/20,,,
1843,Madhya Pradesh,5/31/20,,,
1844,Madhya Pradesh,6/1/20,,,
1845,Madhya Pradesh,6/2/20,,,
1846,Madhya Pradesh,6/3/20,,,
1847,Madhya Pradesh,6/4/20,,,
1848,Madhya Pradesh,6/5/20,,,
1849,Madhya Pradesh,6/6/20,,,
1850,Madhya Pradesh,6/7/20,,,
1851,Madhya Pradesh,6/8/20,,,
1852,Madhya Pradesh,6/9/20,,,
1853,Madhya Pradesh,6/10/20,,,
1854,Madhya Pradesh,6/11/20,1.812728533,1.453363291,2.172093775
1855,Madhya Pradesh,6/12/20,1.701502898,1.300647246,2.10235855
1856,Madhya Pradesh,6/13/20,1.285725123,0.472493056,2.09895719
1857,Madhya Pradesh,6/14/20,,,
1858,Madhya Pradesh,6/15/20,,,
1859,Madhya Pradesh,6/16/20,,,
1860,Madhya Pradesh,6/17/20,,,
1861,Madhya Pradesh,6/18/20,,,
1862,Rajasthan,3/3/20,,,
1863,Rajasthan,3/4/20,,,
1864,Rajasthan,3/10/20,,,
1865,Rajasthan,3/14/20,,,
1866,Rajasthan,3/18/20,,,
1867,Rajasthan,3/19/20,,,
1868,Rajasthan,3/20/20,2.402368799,1.65894134,3.145796258
1869,Rajasthan,3/21/20,2.432006207,1.525449975,3.338562439
1870,Rajasthan,3/22/20,2.137207108,2.049373759,2.225040457
1871,Rajasthan,3/23/20,1.170463293,1.11614425,1.224782337
1872,Rajasthan,3/25/20,0.548670673,0,1.097341346
1873,Rajasthan,3/26/20,0.21690566,0,0.43381132
1874,Rajasthan,3/27/20,1.213793984,0.761417635,1.666170334
1875,Rajasthan,3/28/20,1.396717871,0.86161315,1.931822591
1876,Rajasthan,3/29/20,1.164252033,1.158050569,1.170453498
1877,Rajasthan,3/30/20,3.067583278,2.271913422,3.863253135
1878,Rajasthan,3/31/20,2.364334744,2.184371,2.544298488
1879,Rajasthan,4/1/20,3.424352213,3.196809756,3.651894671
1880,Rajasthan,4/2/20,2.105563741,1.752605423,2.45852206
1881,Rajasthan,4/3/20,1.795855137,1.207314998,2.384395276
1882,Rajasthan,4/4/20,1.84622076,1.654269816,2.038171705
1883,Rajasthan,4/5/20,2.158260753,2.047969436,2.268552069
1884,Rajasthan,4/6/20,2.139645198,1.347452441,2.931837955
1885,Rajasthan,4/7/20,1.07726434,0.284451185,1.870077495
1886,Rajasthan,4/8/20,1.275271246,1.072390141,1.478152351
1887,Rajasthan,4/9/20,1.321657946,0.730121944,1.913193948
1888,Rajasthan,4/10/20,2.351797925,1.936688379,2.766907472
1889,Rajasthan,4/11/20,2.644848327,1.662887009,3.626809645
1890,Rajasthan,4/12/20,2.231735094,1.894023664,2.569446525
1891,Rajasthan,4/13/20,1.180284569,0.576098352,1.784470786
1892,Rajasthan,4/14/20,0.896226529,0.185352593,1.607100464
1893,Rajasthan,4/15/20,0.347076108,0,0.694152216
1894,Rajasthan,4/16/20,0.227982478,0,0.455964956
1895,Rajasthan,4/17/20,0.714968965,0,1.429937929
1896,Rajasthan,4/18/20,1.283033618,0.554737773,2.011329464
1897,Rajasthan,4/19/20,1.979851139,1.395014925,2.564687353
1898,Rajasthan,4/20/20,1.747249432,1.373548643,2.120950221
1899,Rajasthan,4/21/20,1.406912771,0.828169357,1.985656184
1900,Rajasthan,4/22/20,1.345025516,0.548131154,2.141919878
1901,Rajasthan,4/23/20,0.689278808,0.591983464,0.786574151
1902,Rajasthan,4/24/20,0.248186916,0,0.496373833
1903,Rajasthan,4/25/20,0,0,0
1904,Rajasthan,4/26/20,0.414499124,0,0.828998248
1905,Rajasthan,4/27/20,,,
1906,Rajasthan,4/28/20,,,
1907,Rajasthan,4/29/20,,,
1908,Rajasthan,4/30/20,,,
1909,Rajasthan,5/1/20,,,
1910,Rajasthan,5/2/20,,,
1911,Rajasthan,5/3/20,,,
1912,Rajasthan,5/4/20,,,
1913,Rajasthan,5/5/20,,,
1914,Rajasthan,5/6/20,,,
1915,Rajasthan,5/7/20,,,
1916,Rajasthan,5/8/20,,,
1917,Rajasthan,5/9/20,,,
1918,Rajasthan,5/10/20,,,
1919,Rajasthan,5/11/20,,,
1920,Rajasthan,5/12/20,,,
1921,Rajasthan,5/13/20,1.265920707,0.775815312,1.756026101
1922,Rajasthan,5/14/20,2.683351757,1.761712651,3.604990863
1923,Rajasthan,5/15/20,3.116517031,2.267409579,3.965624482
1924,Rajasthan,5/16/20,,,
1925,Rajasthan,5/17/20,,,
1926,Rajasthan,5/18/20,,,
1927,Rajasthan,5/19/20,,,
1928,Rajasthan,5/20/20,0,0,0
1929,Rajasthan,5/21/20,0.852827715,0.729484713,0.976170718
1930,Rajasthan,5/22/20,2.072166826,1.995481787,2.148851865
1931,Rajasthan,5/23/20,4.345668113,3.963912114,4.727424113
1932,Rajasthan,5/24/20,1.833586697,1.82224923,1.844924165
1933,Rajasthan,5/25/20,0.857781028,0.466582636,1.24897942
1934,Rajasthan,5/26/20,0,0,0
1935,Rajasthan,5/27/20,,,
1936,Rajasthan,5/28/20,,,
1937,Rajasthan,5/29/20,,,
1938,Rajasthan,5/30/20,,,
1939,Rajasthan,5/31/20,,,
1940,Rajasthan,6/1/20,,,
1941,Rajasthan,6/2/20,,,
1942,Rajasthan,6/3/20,,,
1943,Rajasthan,6/4/20,,,
1944,Rajasthan,6/5/20,,,
1945,Rajasthan,6/6/20,,,
1946,Rajasthan,6/7/20,,,
1947,Rajasthan,6/8/20,,,
1948,Rajasthan,6/9/20,,,
1949,Rajasthan,6/10/20,,,
1950,Rajasthan,6/11/20,,,
1951,Rajasthan,6/12/20,,,
1952,Rajasthan,6/13/20,,,
1953,Rajasthan,6/14/20,,,
1954,Rajasthan,6/15/20,,,
1955,Rajasthan,6/16/20,,,
1956,Rajasthan,6/17/20,,,
1957,Rajasthan,6/18/20,,,
1958,Assam,3/31/20,,,
1959,Assam,4/1/20,,,
1960,Assam,4/3/20,,,
1961,Assam,4/4/20,,,
1962,Assam,4/7/20,0.742516768,0.432875498,1.052158039
1963,Assam,4/9/20,0,0,0
1964,Assam,4/12/20,0,0,0
1965,Assam,4/13/20,0.619743789,0,1.239487577
1966,Assam,4/14/20,0.796133182,0.006590823,1.585675541
1967,Assam,4/16/20,1.439682913,0.530836066,2.34852976
1968,Assam,4/23/20,0.901235505,0.011805008,1.790666002
1969,Assam,4/28/20,1.012466676,0.275959134,1.748974218
1970,Assam,4/29/20,,,
1971,Assam,4/30/20,,,
1972,Assam,5/1/20,,,
1973,Assam,5/5/20,,,
1974,Assam,5/6/20,,,
1975,Assam,5/7/20,,,
1976,Assam,5/8/20,,,
1977,Assam,5/9/20,,,
1978,Assam,5/10/20,0,0,0
1979,Assam,5/11/20,,,
1980,Assam,5/13/20,,,
1981,Assam,5/14/20,,,
1982,Assam,5/15/20,,,
1983,Assam,5/16/20,0,0,0
1984,Assam,5/17/20,0,0,0
1985,Assam,5/18/20,1.994106264,1.833130368,2.155082161
1986,Assam,5/19/20,5.316687473,4.979016411,5.654358535
1987,Assam,5/20/20,4.244819527,3.365168747,5.124470307
1988,Assam,5/21/20,2.13323081,2.021223173,2.245238446
1989,Assam,5/22/20,2.101852552,1.750504041,2.453201063
1990,Assam,5/23/20,2.172041007,1.924083037,2.419998977
1991,Assam,5/24/20,2.656471167,1.989433342,3.323508992
1992,Assam,5/25/20,3.086108193,2.416187615,3.75602877
1993,Assam,5/26/20,1.64723531,1.419122683,1.875347938
1994,Assam,5/27/20,1.048008258,0.633269427,1.462747089
1995,Assam,5/28/20,1.170760348,0.537692445,1.803828251
1996,Assam,5/29/20,0.60079854,0.050003253,1.151593827
1997,Assam,5/30/20,1.241223994,0.765199022,1.717248966
1998,Assam,5/31/20,1.485057872,0.965565705,2.004550039
1999,Assam,6/1/20,0.296291484,0,0.592582967
2000,Assam,6/2/20,0,0,0
2001,Assam,6/3/20,0,0,0
2002,Assam,6/4/20,1.676235087,1.576491676,1.775978499
2003,Assam,6/5/20,1.574962636,0.683885175,2.466040096
2004,Assam,6/6/20,1.764695921,1.482688095,2.046703748
2005,Assam,6/7/20,2.732074542,2.606339671,2.857809413
2006,Assam,6/8/20,,,
2007,Assam,6/9/20,,,
2008,Assam,6/10/20,,,
2009,Assam,6/11/20,,,
2010,Assam,6/12/20,,,
2011,Assam,6/13/20,,,
2012,Assam,6/14/20,,,
2013,Assam,6/15/20,,,
2014,Assam,6/16/20,,,
2015,Assam,6/17/20,,,
2016,Assam,6/18/20,,,
2017,Jammu and Kashmir,3/9/20,,,
2018,Jammu and Kashmir,3/13/20,,,
2019,Jammu and Kashmir,3/16/20,,,
2020,Jammu and Kashmir,3/18/20,,,
2021,Jammu and Kashmir,3/24/20,,,
2022,Jammu and Kashmir,3/25/20,,,
2023,Jammu and Kashmir,3/26/20,,,
2024,Jammu and Kashmir,3/27/20,,,
2025,Jammu and Kashmir,3/28/20,,,
2026,Jammu and Kashmir,3/29/20,1.733168534,0.964135192,2.502201877
2027,Jammu and Kashmir,3/30/20,2.208122206,1.955691241,2.460553171
2028,Jammu and Kashmir,3/31/20,0.916472958,0.284821991,1.548123924
2029,Jammu and Kashmir,4/1/20,0.47212157,0,0.94424314
2030,Jammu and Kashmir,4/2/20,1.244011067,0.797617023,1.690405112
2031,Jammu and Kashmir,4/3/20,0.355383676,0.280005853,0.430761498
2032,Jammu and Kashmir,4/4/20,1.873217757,0.896243146,2.850192367
2033,Jammu and Kashmir,4/5/20,2.070033082,1.179235136,2.960831027
2034,Jammu and Kashmir,4/6/20,0.533980456,0.341694406,0.726266505
2035,Jammu and Kashmir,4/7/20,1.295850282,0.929987637,1.661712928
2036,Jammu and Kashmir,4/8/20,1.730059914,1.097869542,2.362250286
2037,Jammu and Kashmir,4/9/20,2.817986845,2.002205958,3.633767732
2038,Jammu and Kashmir,4/10/20,3.279635835,2.499457734,4.059813936
2039,Jammu and Kashmir,4/11/20,0.880117949,0,1.760235898
2040,Jammu and Kashmir,4/12/20,0.335573279,0,0.671146559
2041,Jammu and Kashmir,4/13/20,0.915293398,0.751463922,1.079122873
2042,Jammu and Kashmir,4/14/20,0.136778566,0,0.273557132
2043,Jammu and Kashmir,4/15/20,0.775288661,0,1.550577323
2044,Jammu and Kashmir,4/16/20,0.530618206,0,1.061236412
2045,Jammu and Kashmir,4/17/20,0.699989399,0.588325378,0.811653419
2046,Jammu and Kashmir,4/18/20,1.259515254,0.903674944,1.615355564
2047,Jammu and Kashmir,4/19/20,0.436852918,0.432690622,0.441015214
2048,Jammu and Kashmir,4/20/20,0.962946014,0.910499905,1.015392122
2049,Jammu and Kashmir,4/21/20,0.882903306,0.413877311,1.351929302
2050,Jammu and Kashmir,4/22/20,1.690866155,1.494580109,1.887152201
2051,Jammu and Kashmir,4/23/20,2.059277277,1.486617252,2.631937302
2052,Jammu and Kashmir,4/24/20,1.762140052,1.279218563,2.245061541
2053,Jammu and Kashmir,4/25/20,2.053920508,1.880455585,2.227385432
2054,Jammu and Kashmir,4/26/20,1.39719199,0.424261039,2.37012294
2055,Jammu and Kashmir,4/27/20,,,
2056,Jammu and Kashmir,4/28/20,,,
2057,Jammu and Kashmir,4/29/20,,,
2058,Jammu and Kashmir,4/30/20,,,
2059,Jammu and Kashmir,5/1/20,,,
2060,Jammu and Kashmir,5/2/20,,,
2061,Jammu and Kashmir,5/3/20,,,
2062,Jammu and Kashmir,5/4/20,,,
2063,Jammu and Kashmir,5/5/20,,,
2064,Jammu and Kashmir,5/6/20,,,
2065,Jammu and Kashmir,5/7/20,,,
2066,Jammu and Kashmir,5/8/20,,,
2067,Jammu and Kashmir,5/9/20,0,0,0
2068,Jammu and Kashmir,5/10/20,0.242314298,0,0.484628597
2069,Jammu and Kashmir,5/11/20,,,
2070,Jammu and Kashmir,5/12/20,,,
2071,Jammu and Kashmir,5/13/20,,,
2072,Jammu and Kashmir,5/14/20,,,
2073,Jammu and Kashmir,5/15/20,,,
2074,Jammu and Kashmir,5/16/20,,,
2075,Jammu and Kashmir,5/17/20,,,
2076,Jammu and Kashmir,5/18/20,5.820769934,5.110801094,6.530738773
2077,Jammu and Kashmir,5/19/20,,,
2078,Jammu and Kashmir,5/20/20,,,
2079,Jammu and Kashmir,5/21/20,,,
2080,Jammu and Kashmir,5/22/20,,,
2081,Jammu and Kashmir,5/23/20,0,0,0
2082,Jammu and Kashmir,5/24/20,0,0,0
2083,Jammu and Kashmir,5/25/20,1.598296349,0.881327761,2.315264936
2084,Jammu and Kashmir,5/26/20,4.097253713,3.392761003,4.801746423
2085,Jammu and Kashmir,5/27/20,3.393818807,2.996739701,3.790897913
2086,Jammu and Kashmir,5/28/20,3.42204026,2.920533389,3.92354713
2087,Jammu and Kashmir,5/29/20,2.153714282,1.981631699,2.325796864
2088,Jammu and Kashmir,5/30/20,1.667686692,1.265334336,2.070039047
2089,Jammu and Kashmir,5/31/20,0.659106072,0.574081325,0.744130819
2090,Jammu and Kashmir,6/1/20,1.071409793,0.845515388,1.297304199
2091,Jammu and Kashmir,6/2/20,0.93286894,0.494675679,1.371062201
2092,Jammu and Kashmir,6/3/20,0.598425962,0,1.196851924
2093,Jammu and Kashmir,6/4/20,1.820713231,1.136066052,2.50536041
2094,Jammu and Kashmir,6/5/20,1.47796061,1.468860106,1.487061115
2095,Jammu and Kashmir,6/6/20,1.177287626,0.530409026,1.824166226
2096,Jammu and Kashmir,6/7/20,2.370803359,2.162761099,2.578845618
2097,Jammu and Kashmir,6/8/20,0.61441168,0.111947913,1.116875446
2098,Jammu and Kashmir,6/9/20,,,
2099,Jammu and Kashmir,6/10/20,,,
2100,Jammu and Kashmir,6/11/20,,,
2101,Jammu and Kashmir,6/12/20,,,
2102,Jammu and Kashmir,6/13/20,,,
2103,Jammu and Kashmir,6/14/20,,,
2104,Jammu and Kashmir,6/15/20,,,
2105,Jammu and Kashmir,6/16/20,,,
2106,Jammu and Kashmir,6/17/20,,,
2107,Jammu and Kashmir,6/18/20,,,
2108,Jharkhand,3/31/20,,,
2109,Jharkhand,4/2/20,,,
2110,Jharkhand,4/5/20,,,
2111,Jharkhand,4/6/20,,,
2112,Jharkhand,4/9/20,2.027157831,1.557531064,2.496784598
2113,Jharkhand,4/10/20,1.693299017,1.651731029,1.734867005
2114,Jharkhand,4/11/20,1.901845909,1.020079889,2.783611928
2115,Jharkhand,4/12/20,1.444168795,0.685745648,2.202591943
2116,Jharkhand,4/13/20,0.758786925,0.670070933,0.847502918
2117,Jharkhand,4/14/20,2.354025101,1.605274009,3.102776192
2118,Jharkhand,4/15/20,0.104120265,0,0.208240531
2119,Jharkhand,4/16/20,0,0,0
2120,Jharkhand,4/17/20,0,0,0
2121,Jharkhand,4/18/20,0.450693856,0.092515408,0.808872304
2122,Jharkhand,4/19/20,3.079441542,2.486317797,3.672565286
2123,Jharkhand,4/20/20,1.490414627,0.658408131,2.322421122
2124,Jharkhand,4/21/20,1.287682072,0.36178637,2.213577775
2125,Jharkhand,4/23/20,2.372383127,1.672848177,3.071918077
2126,Jharkhand,4/24/20,1.647341109,1.014764141,2.279918076
2127,Jharkhand,4/25/20,2.761458151,2.151771933,3.371144368
2128,Jharkhand,4/26/20,2.139540492,1.781517181,2.497563803
2129,Jharkhand,4/27/20,2.345448561,1.688278703,3.002618419
2130,Jharkhand,4/28/20,,,
2131,Jharkhand,4/29/20,,,
2132,Jharkhand,4/30/20,,,
2133,Jharkhand,5/1/20,,,
2134,Jharkhand,5/2/20,,,
2135,Jharkhand,5/3/20,,,
2136,Jharkhand,5/5/20,,,
2137,Jharkhand,5/6/20,,,
2138,Jharkhand,5/7/20,,,
2139,Jharkhand,5/8/20,,,
2140,Jharkhand,5/9/20,,,
2141,Jharkhand,5/10/20,,,
2142,Jharkhand,5/11/20,,,
2143,Jharkhand,5/12/20,,,
2144,Jharkhand,5/13/20,,,
2145,Jharkhand,5/14/20,,,
2146,Jharkhand,5/15/20,,,
2147,Jharkhand,5/16/20,,,
2148,Jharkhand,5/17/20,,,
2149,Jharkhand,5/18/20,,,
2150,Jharkhand,5/19/20,,,
2151,Jharkhand,5/20/20,,,
2152,Jharkhand,5/21/20,,,
2153,Jharkhand,5/22/20,0.88497352,0.542562222,1.227384819
2154,Jharkhand,5/23/20,0.66597937,0.135434975,1.196523766
2155,Jharkhand,5/24/20,0,0,0
2156,Jharkhand,5/25/20,2.050030414,1.450212449,2.64984838
2157,Jharkhand,5/26/20,1.447264184,1.037973494,1.856554873
2158,Jharkhand,5/27/20,,,
2159,Jharkhand,5/28/20,,,
2160,Jharkhand,5/29/20,,,
2161,Jharkhand,5/30/20,,,
2162,Jharkhand,5/31/20,2.514608357,2.350965841,2.678250873
2163,Jharkhand,6/1/20,,,
2164,Jharkhand,6/2/20,,,
2165,Jharkhand,6/3/20,,,
2166,Jharkhand,6/4/20,,,
2167,Jharkhand,6/5/20,,,
2168,Jharkhand,6/6/20,,,
2169,Jharkhand,6/7/20,,,
2170,Jharkhand,6/8/20,1.260032318,0.663476514,1.856588122
2171,Jharkhand,6/9/20,1.236949973,1.218101711,1.255798236
2172,Jharkhand,6/10/20,1.093036353,0.153356671,2.032716035
2173,Jharkhand,6/11/20,0,0,0
2174,Jharkhand,6/12/20,0,0,0
2175,Jharkhand,6/13/20,,,
2176,Jharkhand,6/14/20,,,
2177,Jharkhand,6/15/20,,,
2178,Jharkhand,6/16/20,,,
2179,Jharkhand,6/17/20,,,
2180,Jharkhand,6/18/20,,,
2181,Goa,3/25/20,,,
2182,Goa,3/29/20,,,
2183,Goa,4/3/20,,,
2184,Goa,4/4/20,,,
2185,Goa,5/14/20,1.153951481,0.887523304,1.420379657
2186,Goa,5/16/20,1.242854357,0.887874641,1.597834072
2187,Goa,5/17/20,1.276265808,1.070331688,1.482199928
2188,Goa,5/18/20,1.309474357,1.272566847,1.346381868
2189,Goa,5/19/20,2.147733481,1.283640676,3.011826286
2190,Goa,5/20/20,1.267271075,0.851263427,1.683278723
2191,Goa,5/21/20,0.189069784,0,0.378139568
2192,Goa,5/22/20,,,
2193,Goa,5/23/20,,,
2194,Goa,5/24/20,,,
2195,Goa,5/25/20,,,
2196,Goa,5/26/20,,,
2197,Goa,5/27/20,,,
2198,Goa,5/28/20,,,
2199,Goa,5/29/20,,,
2200,Goa,5/30/20,,,
2201,Goa,5/31/20,,,
2202,Goa,6/1/20,,,
2203,Goa,6/2/20,,,
2204,Goa,6/3/20,,,
2205,Goa,6/4/20,,,
2206,Goa,6/5/20,,,
2207,Goa,6/6/20,4.153390109,4.027644548,4.279135669
2208,Goa,6/7/20,1.925205799,1.212645631,2.637765968
2209,Goa,6/8/20,,,
2210,Goa,6/9/20,,,
2211,Goa,6/10/20,,,
2212,Goa,6/11/20,,,
2213,Goa,6/12/20,1.659837142,1.591584132,1.728090151
2214,Goa,6/13/20,1.936234176,1.475623348,2.396845004
2215,Goa,6/14/20,1.616883434,1.324098511,1.909668356
2216,Goa,6/15/20,0.345380102,0,0.690760204
2217,Goa,6/16/20,0.204566229,0.037051165,0.372081292
2218,Goa,6/17/20,0,0,0
2219,Goa,6/18/20,0.942288715,0,1.88457743